scenario,probability,demand.C1,demand.C2,demand.C3,demand.C4,demand.C5,demand.C6,demand.C7,demand.C8
0,0.05494505494505495,29.0,32.599999999999994,26.85,27.959999999999997,34.53,24.56,29.3,28.130000000000003
1,0.032967032967032975,47.98333333333333,44.73333333333333,51.333333333333336,55.48333333333333,41.11666666666667,42.4,31.55,59.18333333333334
2,0.021978021978021983,47.52499999999999,47.775,44.925,60.85,69.9,59.65,38.45,37.925
3,0.06593406593406595,31.241666666666664,32.61666666666667,32.608333333333334,33.35833333333333,37.591666666666676,44.05833333333334,30.274999999999995,42.78333333333334
4,0.08791208791208793,48.04999999999999,37.45625,35.150000000000006,40.88750000000001,35.975,30.856250000000003,27.3125,37.70625
5,0.03846153846153847,31.97142857142857,51.199999999999996,30.242857142857144,28.014285714285716,40.41428571428571,24.37142857142857,23.45714285714286,38.857142857142854
6,0.05494505494505495,42.83,47.93999999999999,35.17999999999999,49.089999999999996,51.75,35.61,53.28000000000001,52.61
7,0.016483516483516487,34.666666666666664,30.666666666666668,25.96666666666667,33.53333333333333,57.43333333333334,31.266666666666666,26.900000000000002,31.53333333333333
8,0.016483516483516487,41.266666666666666,27.53333333333333,26.666666666666668,33.36666666666667,43.9,30.633333333333336,47.833333333333336,45.800000000000004
9,0.005494505494505496,41.3,55.2,60.5,95.5,61.6,84.0,36.0,73.1
10,0.043956043956043966,29.812499999999993,47.512499999999996,29.6625,34.5125,37.35,29.924999999999997,38.0625,32.0625
11,0.005494505494505496,37.5,56.1,65.3,37.2,60.7,41.9,40.8,84.7
12,0.027472527472527476,59.5,44.279999999999994,31.459999999999997,43.68,59.04,41.36,35.0,40.059999999999995
13,0.06593406593406595,49.21666666666666,45.03333333333333,41.73333333333333,46.116666666666674,49.00833333333333,44.31666666666666,36.400000000000006,42.70833333333334
14,0.043956043956043966,36.68749999999999,67.0875,42.5875,43.400000000000006,43.225,47.25,41.975,41.93750000000001
15,0.021978021978021983,35.1,46.825,32.725,47.5,33.9,50.675,38.825,49.575
16,0.005494505494505496,27.1,64.4,23.8,50.5,38.6,49.5,16.6,38.4
17,0.03846153846153847,29.771428571428572,31.185714285714283,23.485714285714288,36.42857142857143,26.814285714285713,35.785714285714285,22.157142857142855,28.32857142857143
18,0.005494505494505496,50.3,56.5,36.6,61.7,73.6,46.5,22.9,38.1
19,0.049450549450549455,37.51111111111111,54.833333333333336,35.15555555555555,41.13333333333334,50.266666666666666,38.788888888888884,28.444444444444443,36.8
20,0.027472527472527476,23.119999999999997,27.080000000000002,22.979999999999997,22.619999999999997,27.660000000000004,25.880000000000003,23.52,30.639999999999997
21,0.016483516483516487,39.46666666666667,33.00000000000001,51.4,69.96666666666667,37.56666666666667,40.63333333333333,48.06666666666666,47.43333333333334
22,0.043956043956043966,37.012499999999996,36.7125,30.975,33.412499999999994,47.7625,31.2,24.674999999999997,35.137499999999996
23,0.010989010989010992,39.8,58.65,58.800000000000004,71.9,62.5,34.05,34.05,40.65
24,0.010989010989010992,32.599999999999994,27.950000000000003,40.0,39.55,41.5,38.8,28.0,25.35
25,0.043956043956043966,32.9375,40.9125,41.75,45.5625,33.56249999999999,40.0,26.5,30.15
26,0.005494505494505496,43.5,46.4,38.2,61.6,74.6,41.0,34.0,56.7
27,0.07142857142857144,32.08461538461539,44.19230769230769,41.892307692307696,36.69230769230769,47.40000000000001,32.50769230769231,36.28461538461538,51.81538461538461
28,0.027472527472527476,30.72,25.32,21.02,25.259999999999998,39.94,23.22,23.72,31.040000000000003
29,0.03846153846153847,49.91428571428572,42.82857142857143,28.0,36.18571428571429,44.285714285714285,34.15714285714286,39.74285714285714,52.2
