n,rep,in_sample,holdout,holdout_infeasible
5,0,-114686.63920218496,-108948.62345391982,0
5,1,-122290.78944664338,-108479.29957073322,0
5,2,-135627.9703876915,-105761.71107056706,0
5,3,-116671.91986915347,-106881.00256978032,0
5,4,-87256.46088232129,-104631.18273410192,0
10,0,-107927.17557661209,-108877.12024879093,0
10,1,-106564.65990065127,-108601.04416536694,0
10,2,-116574.22968748613,-108865.45815327801,0
10,3,-102691.57791864715,-108912.40668370838,0
10,4,-88007.42780575166,-105320.5038638641,0
20,0,-108288.83407348959,-108838.28670563646,0
20,1,-103019.28304669075,-108467.28698926415,0
20,2,-93488.73913761924,-108854.2211002507,0
20,3,-112145.26776154009,-108908.99580779285,0
20,4,-117472.71895593895,-108214.69625306029,0
50,0,-104623.62476042968,-108942.3016921759,0
50,1,-101232.62995965294,-108937.90676952999,0
50,2,-115532.85254984246,-108568.04174900723,0
50,3,-114367.0322184747,-108936.98688613874,0
50,4,-111032.96959552007,-108794.31512316389,0
100,0,-104968.4918365956,-108941.0611938869,0
100,1,-107914.3921510139,-108846.7326291378,0
100,2,-106690.68309151736,-108940.6196071831,0
100,3,-112123.0784854172,-108813.88081410069,0
100,4,-109151.2609789911,-108916.1654569868,0
