scenario,probability,demand
0,0.0025,86.16554472443997
1,0.0025,113.6795855000933
2,0.0025,62.78951390706023
3,0.0025,178.40887363878628
4,0.0025,64.59327216072099
5,0.0025,125.47421836053708
6,0.0025,68.92122178593664
7,0.0025,134.28105072211952
8,0.0025,85.55221820067659
9,0.0025,100.34236880584668
10,0.0025,97.2943530498601
11,0.0025,132.31868010603714
12,0.0025,87.15496546947874
13,0.0025,40.08626523438328
14,0.0025,76.62766636491426
15,0.0025,101.09007965216523
16,0.0025,84.16484570427721
17,0.0025,120.06943961796416
18,0.0025,129.04241074902836
19,0.0025,91.71641669134203
20,0.0025,61.85422896315514
21,0.0025,143.7991267284263
22,0.0025,131.63368274625972
23,0.0025,87.72883836563831
24,0.0025,177.8590323420455
25,0.0025,86.45856877606752
26,0.0025,68.59831978734631
27,0.0025,91.49854527736751
28,0.0025,131.432132024974
29,0.0025,72.73932426494929
30,0.0025,169.84456777508785
31,0.0025,73.61853014694626
32,0.0025,126.75573693316237
33,0.0025,112.38313917903648
34,0.0025,91.54734672867353
35,0.0025,131.53631969041405
36,0.0025,61.67013861381251
37,0.0025,142.6808940288003
38,0.0025,94.00859649599172
39,0.0025,81.68283159778596
40,0.0025,119.34388976087506
41,0.0025,130.74197105605506
42,0.0025,120.06854360197309
43,0.0025,172.2688672154906
44,0.0025,131.54377613353998
45,0.0025,139.61212356759737
46,0.0025,81.7445119774017
47,0.0025,98.82518668790158
48,0.0025,112.99580772245474
49,0.0025,95.28504950558239
50,0.0025,104.65084164143852
51,0.0025,108.54543212456963
52,0.0025,122.72154197025161
53,0.0025,92.96778110167122
54,0.0025,86.43512629679931
55,0.0025,75.10751959237264
56,0.0025,73.72220612252173
57,0.0025,135.1339575725413
58,0.0025,93.43529622904339
59,0.0025,120.67452300283242
60,0.0025,65.44608769970809
61,0.0025,54.22336874390228
62,0.0025,70.39411868520489
63,0.0025,134.1133831736205
64,0.0025,131.05624158303493
65,0.0025,105.58905472898111
66,0.0025,75.68620901564547
67,0.0025,92.1744396411021
68,0.0025,87.76569076559126
69,0.0025,86.55766433739966
70,0.0025,45.89694357650237
71,0.0025,74.4574739297872
72,0.0025,90.5835749101817
73,0.0025,149.4922354790712
74,0.0025,100.41073574392469
75,0.0025,144.5068099916153
76,0.0025,85.32816507373578
77,0.0025,88.93466349793123
78,0.0025,30.488989428706873
79,0.0025,109.7381164731707
80,0.0025,112.4700481661593
81,0.0025,160.75012153382318
82,0.0025,83.02879972444525
83,0.0025,98.46698040517113
84,0.0025,77.86420001833088
85,0.0025,67.81469201400674
86,0.0025,77.69112991396548
87,0.0025,86.55702456952464
88,0.0025,142.59154857338183
89,0.0025,95.8448345206394
90,0.0025,75.94494757291778
91,0.0025,99.85618960034242
92,0.0025,102.09989201297748
93,0.0025,78.53672887183869
94,0.0025,133.9798525878846
95,0.0025,55.022209969891556
96,0.0025,89.96251610649689
97,0.0025,116.4332775789809
98,0.0025,64.6617980649094
99,0.0025,106.49852393730488
100,0.0025,139.99735253392356
101,0.0025,109.4273924026428
102,0.0025,58.318382014747684
103,0.0025,77.34779961383434
104,0.0025,137.52927341443333
105,0.0025,104.54951067217931
106,0.0025,95.50581580803066
107,0.0025,109.02752265295337
108,0.0025,118.36259371349684
109,0.0025,77.79708902519938
110,0.0025,87.95553302547657
111,0.0025,99.88655810100074
112,0.0025,81.6463326395075
113,0.0025,92.10279108454345
114,0.0025,140.202115584008
115,0.0025,72.09377999165486
116,0.0025,168.6243016983881
117,0.0025,166.2981706695421
118,0.0025,57.92119656023597
119,0.0025,91.898312865509
120,0.0025,105.91977892566096
121,0.0025,76.60939603684652
122,0.0025,77.0557714472753
123,0.0025,89.33429850136288
124,0.0025,118.9941982144612
125,0.0025,82.43202235245151
126,0.0025,163.7476078574659
127,0.0025,104.29320548809163
128,0.0025,92.94141036756245
129,0.0025,146.57343425846378
130,0.0025,115.11512136400314
131,0.0025,106.7499628153914
132,0.0025,86.90987320545261
133,0.0025,163.1378652762151
134,0.0025,121.55903038693458
135,0.0025,90.23052901516067
136,0.0025,60.28468896254624
137,0.0025,106.86486943945718
138,0.0025,68.46512987343797
139,0.0025,57.87859305876077
140,0.0025,88.2464542085104
141,0.0025,104.03320234210024
142,0.0025,139.57010434743617
143,0.0025,104.06315795093924
144,0.0025,121.35216050316353
145,0.0025,66.83392066581527
146,0.0025,95.1511598440491
147,0.0025,99.33965729600709
148,0.0025,123.37181166626038
149,0.0025,99.10225076843072
150,0.0025,121.28304899724371
151,0.0025,82.60485165071441
152,0.0025,106.39543968387346
153,0.0025,108.1879157658225
154,0.0025,66.36678478817339
155,0.0025,100.84780752823319
156,0.0025,87.18528729266434
157,0.0025,54.768573743680705
158,0.0025,126.90408518049381
159,0.0025,86.12967129895787
160,0.0025,74.57858406887642
161,0.0025,85.73971108560288
162,0.0025,99.74844545789401
163,0.0025,149.1188766784039
164,0.0025,91.22873496910678
165,0.0025,110.03092490878718
166,0.0025,143.3529570963447
167,0.0025,112.0237199517467
168,0.0025,131.07496836760419
169,0.0025,83.27904217479653
170,0.0025,120.11274826466938
171,0.0025,94.16625415953789
172,0.0025,131.30014795706902
173,0.0025,71.34134330378804
174,0.0025,76.19029315878987
175,0.0025,139.00788518408564
176,0.0025,90.4248259035792
177,0.0025,86.20297710895136
178,0.0025,97.9888333439254
179,0.0025,78.2314861593426
180,0.0025,141.61138082629284
181,0.0025,66.37873015322955
182,0.0025,91.64035508511898
183,0.0025,106.05235944733843
184,0.0025,92.89035477227185
185,0.0025,75.68360071842416
186,0.0025,74.22913113097334
187,0.0025,108.52279974728363
188,0.0025,70.77976155902677
189,0.0025,115.79166576620788
190,0.0025,61.230887888948324
191,0.0025,81.38250222668708
192,0.0025,96.80894021027333
193,0.0025,66.3205058707436
194,0.0025,115.98790219120572
195,0.0025,95.26277033726981
196,0.0025,70.66364000806863
197,0.0025,61.325511637966024
198,0.0025,60.490500024731865
199,0.0025,97.22840313977306
200,0.0025,68.20254309636942
201,0.0025,64.16171958446223
202,0.0025,89.49677262382424
203,0.0025,186.91710982022101
204,0.0025,103.91322663145061
205,0.0025,119.82640614140061
206,0.0025,101.95453883778795
207,0.0025,120.53424211156698
208,0.0025,64.5734751016265
209,0.0025,84.41119885406432
210,0.0025,103.42054029264739
211,0.0025,95.28016631188196
212,0.0025,90.53348075336717
213,0.0025,78.77585201523553
214,0.0025,88.78611687312434
215,0.0025,76.31027012277413
216,0.0025,47.04605989753591
217,0.0025,67.45232059639136
218,0.0025,110.13580497294673
219,0.0025,151.28685444657685
220,0.0025,163.11844945719366
221,0.0025,98.54209491547296
222,0.0025,124.50468841462457
223,0.0025,125.03924870386201
224,0.0025,78.1680869774748
225,0.0025,58.185342582899054
226,0.0025,96.65506704732
227,0.0025,57.09799172633861
228,0.0025,87.19636806079038
229,0.0025,114.50293094832438
230,0.0025,63.130574994379465
231,0.0025,96.69502786817604
232,0.0025,137.84109359980715
233,0.0025,106.50661296925415
234,0.0025,111.65505965969778
235,0.0025,124.99383268827323
236,0.0025,159.30341185396583
237,0.0025,100.13638984356757
238,0.0025,137.41617254683254
239,0.0025,93.99520763707488
240,0.0025,81.59335405893685
241,0.0025,105.05671015701917
242,0.0025,80.17716017630984
243,0.0025,80.95013177278426
244,0.0025,80.13179911053834
245,0.0025,48.82467110710391
246,0.0025,98.79547504209329
247,0.0025,66.09343024320887
248,0.0025,92.81343231829246
249,0.0025,146.60394849762653
250,0.0025,82.19843684921618
251,0.0025,81.69304941598992
252,0.0025,142.94659428822024
253,0.0025,112.44397139502121
254,0.0025,127.5809420618526
255,0.0025,86.29588448561104
256,0.0025,119.30567886450146
257,0.0025,78.307973196697
258,0.0025,78.54203938029282
259,0.0025,114.10453869278655
260,0.0025,80.35245799367286
261,0.0025,119.97422743257412
262,0.0025,193.28874462741118
263,0.0025,58.387029041883096
264,0.0025,76.80455405379897
265,0.0025,133.07486648850917
266,0.0025,91.78896977182632
267,0.0025,134.68400277264593
268,0.0025,71.20524538355468
269,0.0025,105.56753183939274
270,0.0025,91.64147638085795
271,0.0025,99.8120203550591
272,0.0025,105.56046133498012
273,0.0025,66.9493127800069
274,0.0025,69.87843785547975
275,0.0025,144.43707406923687
276,0.0025,104.39244075110157
277,0.0025,98.82003896265562
278,0.0025,94.55131902700455
279,0.0025,106.35133441855946
280,0.0025,68.22043206019518
281,0.0025,71.43632514293832
282,0.0025,140.47552489984758
283,0.0025,100.1320434376599
284,0.0025,122.93994508270443
285,0.0025,80.18066350094016
286,0.0025,143.48541072245345
287,0.0025,106.00024415576398
288,0.0025,110.3167797592141
289,0.0025,112.5239997867405
290,0.0025,75.8009634753989
291,0.0025,55.38892221334231
292,0.0025,69.86479395523666
293,0.0025,154.584094029978
294,0.0025,140.31790767621533
295,0.0025,86.50817944528518
296,0.0025,87.66485877026541
297,0.0025,129.85101467393244
298,0.0025,91.16243103096492
299,0.0025,65.40967070912585
300,0.0025,138.87783308931716
301,0.0025,110.18514223222763
302,0.0025,45.758780505025
303,0.0025,87.36905268838412
304,0.0025,99.90874478657732
305,0.0025,110.31681239673664
306,0.0025,100.15779563758608
307,0.0025,79.47581287391284
308,0.0025,92.58240094550625
309,0.0025,104.44107439682523
310,0.0025,88.53570853136183
311,0.0025,85.87613965641975
312,0.0025,138.33019903158646
313,0.0025,72.54411262414709
314,0.0025,86.44364586803114
315,0.0025,52.761472461042835
316,0.0025,112.2679792713645
317,0.0025,122.14721123512956
318,0.0025,112.5159895001678
319,0.0025,125.3956102087045
320,0.0025,109.01171755763212
321,0.0025,105.91430099340614
322,0.0025,110.08066536871542
323,0.0025,88.5537908171056
324,0.0025,135.76525332254465
325,0.0025,86.46626953190952
326,0.0025,62.35181316789534
327,0.0025,122.92127843172041
328,0.0025,164.90579109069546
329,0.0025,72.25626320480379
330,0.0025,92.96717416932592
331,0.0025,78.32467764922843
332,0.0025,85.65753323759922
333,0.0025,97.08747809670174
334,0.0025,66.52219008998027
335,0.0025,88.28526512792867
336,0.0025,62.28567079286731
337,0.0025,81.06669549177342
338,0.0025,67.61962695473106
339,0.0025,70.18840155233363
340,0.0025,57.8112680851819
341,0.0025,137.00748143141945
342,0.0025,111.22118940013947
343,0.0025,54.553936135757155
344,0.0025,80.3889238019068
345,0.0025,78.67041222423617
346,0.0025,78.19826945621585
347,0.0025,62.63559114908653
348,0.0025,119.52661859338737
349,0.0025,85.2741546368057
350,0.0025,109.8934554140054
351,0.0025,111.80049184495725
352,0.0025,143.43150227018427
353,0.0025,56.22192153798014
354,0.0025,159.56734087872312
355,0.0025,139.01130083770693
356,0.0025,113.33078097606641
357,0.0025,192.83011662911684
358,0.0025,101.72315258060357
359,0.0025,121.9041402201923
360,0.0025,77.11611318913144
361,0.0025,133.63119491290044
362,0.0025,100.6197331679008
363,0.0025,83.90010393299521
364,0.0025,178.31128439662754
365,0.0025,87.58451673872155
366,0.0025,96.03211555563026
367,0.0025,90.39308388591733
368,0.0025,76.72643458026623
369,0.0025,111.94882701481609
370,0.0025,118.96735659474082
371,0.0025,106.28360833102191
372,0.0025,47.8996926683361
373,0.0025,128.76503641750935
374,0.0025,86.4239844493376
375,0.0025,67.02173540644436
376,0.0025,114.34048699110775
377,0.0025,112.9913906814175
378,0.0025,70.51858035880396
379,0.0025,197.92545963321896
380,0.0025,67.1536252821261
381,0.0025,57.589508487600696
382,0.0025,68.25579482296685
383,0.0025,145.35396106253498
384,0.0025,90.96335842721146
385,0.0025,85.87220781575631
386,0.0025,94.05072775549795
387,0.0025,80.3939667397268
388,0.0025,78.21389744875395
389,0.0025,79.34820888275807
390,0.0025,117.90851531148873
391,0.0025,129.2368483497354
392,0.0025,70.2702108150737
393,0.0025,102.75106229582242
394,0.0025,120.7192684443233
395,0.0025,69.72241268206821
396,0.0025,82.64445224465162
397,0.0025,70.62236144774917
398,0.0025,65.56791719775977
399,0.0025,98.69006080025433
