scenario,probability,yield.wheat,yield.corn,yield.beets
0,0.01,2.6264736749369,3.2497813436723746,20.116945258961614
1,0.01,2.275514217655672,3.1225251622376593,17.927696715610264
2,0.01,2.5952191321228537,3.3827425767480177,18.699553123015754
3,0.01,2.5999807202650955,2.9251685223212065,20.428090650634868
4,0.01,2.3076354983247898,2.8250719736559287,19.493977624906197
5,0.01,2.4941001948341746,3.4315063178614786,21.944418389803005
6,0.01,3.078873180617091,3.759274248010757,24.555659773496036
7,0.01,2.9592169101728483,3.39640565518125,20.62706690490423
8,0.01,2.2413122744077314,2.561890197362793,16.202871824191224
9,0.01,2.1189085862921853,2.376259312175576,15.222890248509135
10,0.01,2.116030791295596,2.8031547632524303,18.808788035732544
11,0.01,2.735644014839904,3.0138331128069114,21.508663952825756
12,0.01,1.9553279313533103,2.295659534166493,10.587899572625625
13,0.01,2.6326715689044393,2.9802852622232474,19.981469290982126
14,0.01,2.144365494792398,2.5755589096771967,17.08540925931584
15,0.01,2.1941984708827413,2.32257135348988,17.888996059403823
16,0.01,2.18266005887189,2.9983186786057665,18.152178978140935
17,0.01,2.4079089451623092,2.701711742456691,18.46620568944236
18,0.01,2.636130925898096,2.8667521054010963,21.50793204636773
19,0.01,2.831880756536245,3.1809820293113575,19.5797898860893
20,0.01,2.542929621980644,2.8883781635059202,18.94402440306898
21,0.01,2.918721445921471,3.91554966910277,23.59979123940562
22,0.01,2.2914134157872215,2.432996666358279,20.42523267079375
23,0.01,2.7717674741896046,3.3561965741876127,21.007160174401886
24,0.01,2.956760792751067,3.4382913440650102,23.24694436687292
25,0.01,2.50600914822481,2.741224992059013,21.632614422597598
26,0.01,1.926120174495403,2.6524610010499483,17.73058645247635
27,0.01,2.015950947844963,2.7524013434063104,17.257980784361106
28,0.01,2.2732090453186893,2.9203850392957547,18.132394847696588
29,0.01,2.8067947128932786,3.159355797316036,19.954461035752196
30,0.01,1.8353006175999536,2.3304562657060277,18.749046641213933
31,0.01,2.421353819924039,2.8588306347943475,21.64337642257486
32,0.01,2.2314874905391258,2.818051811060525,18.93871156259938
33,0.01,2.7797368753466944,3.0841522658854066,20.628254586358118
34,0.01,2.302807121076352,3.233177366390594,21.65754031088416
35,0.01,2.5393048209575344,3.1759062862075043,19.219298280908966
36,0.01,2.201573746055019,3.0141463410624922,18.427695629253755
37,0.01,2.84398600132851,2.7894120353081897,20.430743366350274
38,0.01,2.7301660424850085,3.429412685030023,22.093951878255073
39,0.01,2.906796249785399,3.4264899351674596,28.120816214529835
40,0.01,2.064725421468202,2.0873907635936977,15.751383628794166
41,0.01,3.121496190057543,3.5087178090193487,25.887513880776638
42,0.01,3.1195276414190958,3.5110468495510103,22.977818555324454
43,0.01,2.5935495588661968,3.1736062232881848,20.120049650952847
44,0.01,2.790684513446079,3.426563696229665,19.024322851916704
45,0.01,2.196532827439586,2.5177423586300614,17.864510548219442
46,0.01,2.4680864854975,3.356962799311397,25.652274630199393
47,0.01,3.099519581818449,3.960970512574323,24.60390417946255
48,0.01,3.399559588086005,3.76523589285018,24.32178379190944
49,0.01,3.369153734421795,3.464020353304569,21.890350643075745
50,0.01,2.6537303705380264,3.1360274398196166,22.389576782646362
51,0.01,1.9401549020445978,2.6756072904817363,17.90182300843285
52,0.01,2.386531475398432,3.0310594684356533,18.87347759789483
53,0.01,3.1135923606989855,3.122520711042495,21.15364394347985
54,0.01,1.889123957861178,2.411788950766524,16.53507990787871
55,0.01,2.761290120322748,3.0361754938795236,20.81098182314874
56,0.01,2.4066281779492043,3.006505313542168,24.85074915114572
57,0.01,2.908081618734145,3.1228932374046376,20.073371928243336
58,0.01,1.939224545425126,2.5190365106586965,16.86927029683013
59,0.01,2.153225142446091,2.474751735329486,20.13278669812316
60,0.01,2.4293651209573883,2.748957841674327,18.53287326712862
61,0.01,2.0188315543945152,1.938296066312903,17.016268721481687
62,0.01,2.9038659661954633,3.498295743270827,23.808211616236736
63,0.01,2.456477216124845,2.5648350009155814,16.745041374898918
64,0.01,2.71764622327312,3.2842215353008157,19.596173570880836
65,0.01,2.507589089441901,2.8372366635203496,19.71040292616376
66,0.01,2.819643481892797,3.8049523141719668,25.863244886598473
67,0.01,3.0497029679059984,3.6437987957531157,18.481862098990018
68,0.01,2.756141865445074,3.2497987421005545,21.502181172580567
69,0.01,1.6551691738654675,2.1242463674738303,14.640276060884634
70,0.01,2.473212429089569,2.9276990737033355,21.789496258003414
71,0.01,2.543939620282178,3.482493118087563,22.071741370327466
72,0.01,2.70185279224176,3.3457290086015883,21.459610655605275
73,0.01,2.4059594380657954,2.8213110909996177,17.59496095475673
74,0.01,2.926273561422172,3.7940646200999226,26.173437095562104
75,0.01,2.0380230525535206,2.5527286032108534,15.952418547736285
76,0.01,2.2894484564667383,2.675120552205607,18.619432981005307
77,0.01,2.5604287526393557,3.505991202469195,22.20051560747985
78,0.01,2.5765938189093,2.951258009142066,20.561436979423984
79,0.01,2.991748639688079,4.045260177427123,23.08743822121136
80,0.01,2.3889456118254935,3.123304392947097,22.4684589494458
81,0.01,2.3342634444948605,2.695253680610138,16.389002905040748
82,0.01,2.341283278658312,2.8440334492565746,21.255026650736788
83,0.01,2.2383520375948485,2.2530981542687765,19.791357228545778
84,0.01,2.0052078741635184,2.3087557995025065,18.550306576241272
85,0.01,2.7031021474009966,3.179797383629095,21.985103742855912
86,0.01,2.836621095389113,3.4338197822852004,19.714403885701437
87,0.01,3.2693637596189307,3.711602092649344,22.964914214289745
88,0.01,2.109604092295284,2.501267037855411,18.140709729460166
89,0.01,2.957868226419669,3.5259247190397556,25.62076289985604
90,0.01,2.464747034654211,2.8049227448772807,20.213954381762157
91,0.01,3.257388957330223,3.413423974395642,23.41517972507233
92,0.01,2.512921702285551,2.970491054604994,19.142862143249943
93,0.01,2.448255363841104,2.484975299141258,16.042019587766404
94,0.01,2.4384628590479203,3.1251981962136233,19.602181997647524
95,0.01,2.7642509131826696,3.21893686941252,21.93528601052225
96,0.01,2.385496314440249,3.1387562519348164,21.498492307907505
97,0.01,2.2230344284504695,2.7226177576379755,17.64932429820271
98,0.01,2.1392347693311544,2.4780916604596106,18.539915773448048
99,0.01,1.8461995835378024,2.50885121568724,16.835003603746557
