scenario,probability,load.night,load.day,load.peak_hours
0,0.005,583.4143110031829,878.1472431252676,1136.4897303838966
1,0.005,618.7215108799959,932.7183703926029,1187.8999362858283
2,0.005,658.1273348960698,899.2875391227568,1317.8394078036592
3,0.005,663.9057525399347,920.8610298075736,1461.3221523054808
4,0.005,525.1955505618523,870.3531667360838,1143.771853072322
5,0.005,651.8815694628167,943.2263832066965,1263.583442093429
6,0.005,670.0490776267047,1242.5633655436623,1462.201875345516
7,0.005,595.0695198586692,975.199314005632,1465.6856655800216
8,0.005,523.2254550580172,897.1609645161699,1216.0336635408091
9,0.005,492.00402472447047,718.6938172110029,953.5272419574619
10,0.005,521.6542637219807,735.8017628893937,1246.4653942238863
11,0.005,667.3511488198321,829.1521426971005,1157.8434476234456
12,0.005,341.65740380633525,561.0663727903594,599.6062260341918
13,0.005,536.4117696619783,951.8811730585209,1184.321999721359
14,0.005,534.1024553584894,720.0382173412518,1188.6908231712282
15,0.005,549.0719841609176,788.5174790222471,1341.2222923434367
16,0.005,543.1282567168657,760.5520580223365,1175.655662136959
17,0.005,572.9752484160869,926.1855958973315,1119.6734972218437
18,0.005,665.5248506998989,1001.1871242848056,1263.0452581030609
19,0.005,690.4911519018173,975.7253792272974,1621.5367939372975
20,0.005,561.312088538619,857.1258969517734,1139.070846585133
21,0.005,696.0670749256674,1064.6425230130858,1543.5439668820725
22,0.005,521.8812481860159,808.4634061568601,1019.6672176594589
23,0.005,594.9937175860248,1108.8226941179441,1396.2609267779685
24,0.005,641.2762357294552,928.3481191437414,1319.7114483774708
25,0.005,606.6948037319777,913.4484157577135,1203.3498077590455
26,0.005,488.365841556757,896.098643151832,1163.1863617997428
27,0.005,510.726466504461,775.3816442751812,1051.0194763039076
28,0.005,444.9802321532088,851.7136208026184,1083.4691676683415
29,0.005,577.3681009711836,887.9329512061805,1348.3332103595037
30,0.005,471.6143477379185,691.4978832026545,1134.3351108576799
31,0.005,613.5244537487027,816.848030722447,1262.0786685321332
32,0.005,575.4446550487579,898.9641151944011,1117.5624201902222
33,0.005,677.0605846601266,1037.951202635531,1394.1227767580772
34,0.005,639.7524759972163,698.1728697244404,1307.8538980888122
35,0.005,627.582797010411,934.0327256515756,1256.7222432062247
36,0.005,549.5962094680586,845.9328266997474,1118.230299079415
37,0.005,570.9178668569377,958.5944097845595,1135.5752831209384
38,0.005,704.5717548697421,1005.3380585430803,1314.0336046235236
39,0.005,708.5473420020485,1024.7847899248336,1557.061897745736
40,0.005,512.6499555618194,714.3548490068965,946.4244770542645
41,0.005,734.0123515400398,1140.6038105803777,1494.3472673979104
42,0.005,725.1792450754647,1039.809121298074,1481.3760204301216
43,0.005,651.1704434981364,1012.0939837307612,1254.4316314030584
44,0.005,647.216435997799,918.0504955925331,1324.420758104061
45,0.005,561.0324824802765,881.4359850518742,1107.4164182692593
46,0.005,765.230942832841,973.203080975636,1407.3746782728547
47,0.005,767.2831268921456,1225.0140251791506,1602.0669130721078
48,0.005,735.0506865799491,1031.5050564137157,1536.1043170675284
49,0.005,705.0637766929965,1160.8618295456777,1522.7163918819324
50,0.005,567.2237670936572,1065.5172796444126,1276.8119319020525
51,0.005,467.3346556906241,843.1390396160416,1043.1866576442044
52,0.005,584.8537798285039,912.6711230825434,1320.0990971552117
53,0.005,692.8262238906949,896.2415760070469,1527.6719592504578
54,0.005,534.3993465174842,721.5395316244617,965.2884986179236
55,0.005,592.8047143032446,955.1588979239513,1261.9261657856734
56,0.005,603.8177766857337,1000.8835798101957,1352.6602343200873
57,0.005,640.1491716524484,1028.3748811947855,1481.3880969293732
58,0.005,460.62771557534575,720.5974686725809,1130.4586241641912
59,0.005,575.6707700342367,833.7876351161044,1236.5010848725728
60,0.005,521.0679631019781,758.0002363600779,1104.1487332005063
61,0.005,510.76506760587034,710.6863324388571,1012.9637716394051
62,0.005,700.7734154023134,1072.5669327532153,1457.4468911635122
63,0.005,574.8701858942088,888.110557116706,1126.5466257720254
64,0.005,618.1392569987194,904.6431516258083,1349.7166527238917
65,0.005,582.7697480190849,965.0233336959064,1114.777943038949
66,0.005,742.0575520547234,1118.006125544508,1485.3326476587638
67,0.005,729.7738047586727,972.5813841669769,1649.0983044331538
68,0.005,596.9676553863642,1032.0081461338436,1262.2074693313932
69,0.005,468.9430246958729,610.7010306144094,893.7443234439172
70,0.005,606.3352963876462,972.7379165191466,1231.762950874178
71,0.005,535.6088361321778,936.6658508041594,1380.06240644149
72,0.005,663.0888446294027,1067.7030591999203,1503.5072316181765
73,0.005,544.3117417755861,735.4535577562842,1262.43961124646
74,0.005,790.2611480015937,1101.9403119745457,1732.3459524652865
75,0.005,479.6653908922776,671.9087571164334,1015.4866095933132
76,0.005,590.1299916848247,763.5243723786222,1302.6735748113904
77,0.005,639.1855880191134,1070.5272415414702,1452.4672081803453
78,0.005,597.7481432029056,971.1591505539309,1132.4647571662122
79,0.005,815.8307040467323,1137.93939139012,1540.326866647158
80,0.005,645.3291760338984,986.753421973855,1346.1649389007105
81,0.005,629.5073353419347,888.7908666742935,1251.4354258408234
82,0.005,547.8776197948558,860.8413351514523,1233.8881998942848
83,0.005,511.4503206221197,786.4575237275765,1102.7392039193953
84,0.005,531.1288928119066,739.588577454877,1006.3949661807601
85,0.005,617.4080842847703,922.2834184736768,1454.0362452109598
86,0.005,643.3810211899488,1017.6852687157207,1238.6772040075573
87,0.005,626.2002132240098,992.9773008495786,1563.2517082426295
88,0.005,582.2446932555878,828.9295525989147,1056.184749641625
89,0.005,730.7058222915595,1085.9788483943687,1504.345036911365
90,0.005,475.99837055311843,813.5022972649074,1185.8625023649656
91,0.005,787.7724628678709,1099.8108075275927,1631.5043490738763
92,0.005,549.3150139344419,832.4863381941753,850.4431546496908
93,0.005,559.4434234533524,844.2223689500441,1274.5513962305445
94,0.005,600.5155737306764,935.8454493396316,1232.729962789914
95,0.005,635.6869380701496,981.4924945211266,1394.0509353030156
96,0.005,667.5163491933954,919.5750542921736,1210.7129293794108
97,0.005,558.5763113051632,842.4343755163372,1095.1000492709354
98,0.005,538.0481615357555,624.0439784069104,1007.1643545687502
99,0.005,513.9481917747185,649.9633938757868,1045.2499622863343
100,0.005,692.5031303056338,988.0876574965051,1192.5782570578801
101,0.005,650.3610778631988,1093.90442629121,1440.99609235022
102,0.005,586.3777257922594,906.7987826983511,1282.9087517159905
103,0.005,485.0001214800001,752.7403791633803,1081.8072096611072
104,0.005,648.384661647013,997.3608239981836,1505.2434756893776
105,0.005,457.97627752533833,861.7154307466939,1192.8592244088632
106,0.005,473.6345185518925,805.3846092403595,1159.150406703733
107,0.005,619.3665023592259,930.2445869888115,1334.2399488008532
108,0.005,448.61847367365255,597.4295093302633,1025.8127859009835
109,0.005,642.7733811023694,940.4603656516799,1436.3202703324578
110,0.005,578.3861477000721,852.0634827781064,1124.6889011235903
111,0.005,681.8083585280319,962.2080519615693,1251.2702033628345
112,0.005,530.425103419645,913.3757320256781,1141.3989458078183
113,0.005,547.2044026665342,907.5513953929974,1307.4976839572573
114,0.005,707.4986369186842,1000.872344487757,1434.0029649141927
115,0.005,489.6115855530511,807.0682650117643,1133.2329621261108
116,0.005,749.0915857597035,1078.5872974147728,1555.7300001133392
117,0.005,638.1557942643824,1009.2852443725386,1406.5572355640288
118,0.005,617.6166665764048,1012.4766940045041,1364.635054542013
119,0.005,617.131680078606,1098.5172996464094,1415.0108556950674
120,0.005,629.0915908327904,972.3193843340727,1393.6710078640897
121,0.005,728.6392090892579,991.9025107546856,1431.1688709703956
122,0.005,661.3706717485206,941.3402443721324,1352.2792624579888
123,0.005,465.96776864590373,774.2715858720949,1005.861315654359
124,0.005,632.3732972770817,823.1048783135892,1161.9843433977564
125,0.005,589.1207271276595,795.2445580807047,1090.8487063433267
126,0.005,488.5937265333981,686.5796393294834,1123.0856309157862
127,0.005,570.5272214665935,922.1153937471727,1322.436726227201
128,0.005,550.0287383536948,782.9118014841067,1081.83471008922
129,0.005,534.2241371916417,713.4394556725238,1131.4856437284882
130,0.005,454.6942443564471,740.5535908283412,1078.1277538519978
131,0.005,571.2090145692287,971.7751337224327,1293.4603859869999
132,0.005,587.1713736876322,851.6076944756835,1178.8724547760285
133,0.005,708.5098494595218,989.8413887254382,1357.334226168556
134,0.005,589.5732264120588,1035.821277979767,1270.938905930351
135,0.005,714.5733735518272,1038.642346678728,1490.3768898167223
136,0.005,658.8218657038661,1043.328552833592,1507.0818952625657
137,0.005,691.865409785833,1027.2884545144877,1387.0532343775146
138,0.005,399.1969891383699,567.6537706375777,650.249603932177
139,0.005,650.8290941271814,1077.0776894608116,1586.6214797420148
140,0.005,700.3340771217268,946.8495987954011,1381.8685010724564
141,0.005,670.6583418158102,909.3750617866516,1178.692033294246
142,0.005,631.1264213050814,838.4340130872896,1285.4298169909168
143,0.005,655.2875976507703,860.4819940585178,1316.8983774616624
144,0.005,675.6221151256392,960.3944177099534,1347.3653992973154
145,0.005,607.603633645148,961.2876812383467,1202.5056197094548
146,0.005,496.4077664411168,666.5078253341608,885.2884178876209
147,0.005,603.9038331258628,850.2735551276905,1183.6760991106637
148,0.005,510.8397457145094,664.3676888183469,1124.0564714634584
149,0.005,636.0830854853717,1023.9509678971903,1552.732489733835
150,0.005,555.7848861690819,832.4089452870063,1315.9396634312893
151,0.005,628.7080194506541,969.0361410497476,1234.2071671399194
152,0.005,561.717808352519,755.985430321768,1050.832281760114
153,0.005,582.8940535045919,802.2174430051143,1228.6908541766097
154,0.005,695.3350520780718,796.807913952033,1184.9915923317599
155,0.005,525.5146183043029,711.8854807343254,1098.255352396703
156,0.005,583.5503820192174,956.3115460400315,1287.8018956128544
157,0.005,597.1111609186331,907.1827664915356,1129.9104988117815
158,0.005,461.31819707466485,841.3048226882255,1075.735460694164
159,0.005,411.2263356689914,607.7580074551694,877.70111893128
160,0.005,594.774343818876,901.6347384688594,1445.427800475427
161,0.005,582.1336571850447,915.4033454148863,1149.30716858025
162,0.005,612.7472734012943,856.8485002148032,1201.4685756697088
163,0.005,603.0758488069674,823.366373876016,1053.950214173484
164,0.005,702.963519730906,1217.7761574939125,1663.6979428057693
165,0.005,582.0277836125146,875.7732920729203,1328.5701688643644
166,0.005,600.1943495432553,832.0177727196296,1370.6455063965107
167,0.005,499.4990104099646,568.5183349539262,974.3485094740665
168,0.005,738.3908509730079,1127.9670719756245,1539.0254251581803
169,0.005,648.2682442367998,1003.7957195046558,1428.5871706156897
170,0.005,675.0996436805269,1006.3768272362743,1533.9208467787535
171,0.005,565.7373564547022,884.6579211732897,1087.6678753084293
172,0.005,695.5629081267832,1060.6894328247247,1449.719700570295
173,0.005,666.7962493499456,971.3981227874306,1340.9304641049034
174,0.005,668.4367700729066,957.9027176324971,1452.479255098583
175,0.005,573.7189481911572,793.3352603471055,1295.7329871807801
176,0.005,555.8436588487262,664.0634576478953,994.2994474820482
177,0.005,655.232668632035,1001.2544955779038,1426.4091327294707
178,0.005,394.256927799461,649.5951137711969,802.5723015836033
179,0.005,557.8147492874293,799.4206317558758,1120.956457596975
180,0.005,514.3111877191601,948.9214991278177,1258.3864379023757
181,0.005,438.87493899396475,738.0442961008714,1018.8890518754079
182,0.005,621.5454957050451,886.6792835978299,1416.0810416408003
183,0.005,567.9405600944218,904.074600366438,1260.5735014221495
184,0.005,620.1933840550575,737.6783670895245,1322.5211735175048
185,0.005,692.9152817878525,997.3678700826871,1537.0503931708276
186,0.005,569.8863566919132,892.0500237648549,1108.1573704875539
187,0.005,757.4677361017721,1077.8483941993245,1445.1047409084852
188,0.005,713.4967470201469,924.0354570605032,1309.683853013298
189,0.005,553.8765659956059,797.1026453366196,1215.0004848909086
190,0.005,473.210101752607,686.6293614182335,725.9963463518566
191,0.005,535.2989951155711,720.9466150322055,928.6913028598913
192,0.005,711.7697807435806,1065.2136640546137,1344.8026747144836
193,0.005,695.4400679596107,820.8598830686524,1096.1967461636032
194,0.005,530.7543680481963,951.5924436186757,1187.7724482889753
195,0.005,717.3042104697699,1094.6661049094023,1475.5540764778702
196,0.005,468.96616110018704,706.4104526698239,1094.2570577541385
197,0.005,593.9280136392916,765.5832001311014,1171.842076359873
198,0.005,593.6821553520456,777.6266246547319,1128.603147346543
199,0.005,605.4179641180716,892.8545162961723,1356.873212655891
