scenario,mean_value_decision,stochastic_decision,gain_of_stochastic_decision
0,383737436.40039015,281703740.5766487,102033695.82374144
1,337918568.63643885,274387235.70739055,63531332.9290483
2,308683668.9018226,275280987.5265087,33402681.375313938
3,223459751.63929278,248330788.08160588,-24871036.442313105
4,325366160.5185891,273190242.4552435,52175918.06334555
5,352412029.8720727,275026346.83754236,77385683.03453034
6,503614904.5306231,268884034.70747507,234730869.823148
7,558647084.1923851,286905471.52300835,271741612.66937673
8,391453357.6539301,275897442.0317279,115555915.62220222
9,544522953.5730135,287783573.3951879,256739380.17782563
10,623196123.696623,279220638.2486632,343975485.4479598
11,604976600.5634301,289831344.49811614,315145256.06531394
12,229893005.95813224,254892207.12462586,-24999201.166493624
13,235102511.67784905,261602654.1431089,-26500142.46525985
14,227246574.5297449,251572119.88899478,-24325545.35924989
15,273216681.38138825,282416634.16904724,-9199952.78765899
16,242830220.1219464,267155765.48119634,-24325545.35924995
17,236809759.41954422,261135304.77879417,-24325545.35924995
18,224610188.59059966,249892564.6411612,-25282376.050561547
19,246691335.1862878,271016880.5455377,-24325545.35924992
20,251998501.04235482,267882595.32947767,-15884094.287122846
21,499367266.21496004,280794001.8661504,218573264.34880966
22,664156488.3443363,303525336.2106002,360631152.1337361
23,663703177.9507712,299279454.27703464,364423723.6737366
24,194533004.12163436,223852778.7753874,-29319774.653753042
25,209797298.75088808,239117073.4046411,-29319774.653753012
26,247295097.36678427,271620642.7260342,-24325545.35924995
27,233930923.4010151,258256468.76026505,-24325545.35924995
28,663518581.7175,287568655.35479915,375949926.3627008
29,480574061.7063868,277175825.83866376,203398235.86772305
30,1070970212.8329048,320034401.753936,750935811.0789688
31,220324417.79258227,246294068.88370606,-25969651.09112379
32,240615277.9713491,264940823.330599,-24325545.35924992
33,1077517441.5454717,321778261.5656678,755739179.9798038
34,790916439.6962254,297286735.1117647,493629704.5844607
35,358665055.9475545,284421884.9159115,74243171.03164303
36,426821161.6934905,270921032.32028455,155900129.37320596
37,221336440.66742682,246396923.5544129,-25060482.886986077
38,383941201.66702247,272834508.3863902,111106693.28063226
39,261832030.75557253,276031645.30055356,-14199614.544981033
40,229181566.002036,254585467.25231773,-25403901.25028172
41,234534931.94696766,258860477.30621758,-24325545.35924992
42,250670609.3976284,271549352.4046388,-20878743.00701043
43,226156428.36836827,250847824.64461547,-24691396.276247203
44,363237519.78031945,274371887.64109373,88865632.13922572
45,267874330.28087357,278951271.24922067,-11076940.968347102
46,250373987.603473,270018390.4336134,-19644402.83014041
47,239405393.8288044,263730939.1880543,-24325545.35924989
48,514914210.2113627,285586450.87468225,229327759.33668047
49,494088884.90964204,295444475.6543798,198644409.25526226
50,258319546.98897952,273873264.93997055,-15553717.950991035
51,237664117.02253526,260523105.50874197,-22858988.48620671
52,381990202.5568563,280667183.7707841,101323018.7860722
53,232529385.93001166,256854931.28926158,-24325545.35924992
54,661924368.3642757,293840793.83100414,368083574.53327155
55,233763895.14289433,258089440.50214428,-24325545.35924995
56,292637798.76906586,284051671.37255627,8586127.396509588
57,243130434.60494104,267455979.96419096,-24325545.35924992
58,228594040.70568326,256227691.85261062,-27633651.146927357
59,336594576.58859265,268129282.1921472,68465294.39644545
60,430128182.6368127,274633171.09435266,155495011.54246002
61,248138443.35310948,267326514.96266282,-19188071.609553337
62,232206547.9775313,258613188.1501563,-26406640.172624975
63,224305667.82515007,249422364.98480612,-25116697.159656048
64,620502909.871772,287350007.278679,333152902.59309304
65,230597468.72746783,256729106.36220306,-26131637.634735227
66,280334878.5028889,277548153.3118459,2786725.1910430193
67,278158348.4213214,280397686.9501831,-2239338.5288617015
68,216161842.4396407,244288334.384405,-28126491.944764286
69,257800766.62400416,274814601.4540248,-17013834.830020636
70,847832042.4612617,302172698.1560168,545659344.3052449
71,236222293.48764768,260547838.84689763,-24325545.35924995
72,240860551.2666967,264780782.73421055,-23920231.46751386
73,700891319.4896022,294250231.03646827,406641088.45313394
74,458744100.72273254,286226543.03064966,172517557.69208288
75,674353679.3936911,292090171.84963346,382263507.5440576
76,445046615.2505662,282190903.27064925,162855711.97991693
77,215646943.9340162,244966718.5877692,-29319774.653753012
78,302164768.0751059,270668929.0257065,31495839.049399376
79,247553056.9660106,265663725.3985806,-18110668.43257001
80,602751393.9199132,291152482.0008015,311598911.91911167
81,357527027.6388068,275084081.2639009,82442946.37490594
82,213032135.3942275,242351910.04798052,-29319774.653753012
83,223209445.47216365,250368353.89768246,-27158908.42551881
84,547980018.8763525,295973368.25176173,252006650.6245908
85,674566091.4871149,300820794.03772867,373745297.44938624
86,250564886.50862637,272252940.7355579,-21688054.226931542
87,240347260.76735136,264672806.12660125,-24325545.35924989
88,392824634.52500683,282418773.40978956,110405861.11521727
89,635500437.1365215,288421903.909505,347078533.22701645
90,596070496.5814813,292010126.72890735,304060369.852574
91,282215629.9567218,281503629.53379333,712000.4229284525
92,350089885.61417043,277332261.424509,72757624.18966144
93,256462107.37075144,270248245.8185519,-13786138.447800457
94,396378853.55477285,286172548.9686573,110206304.58611554
95,207210815.7263567,235604257.65072453,-28393441.924367845
96,244796221.98512658,269121767.3443765,-24325545.35924992
97,420266591.02264285,280389873.74544936,139876717.2771935
98,217342915.02643502,242492039.62186494,-25149124.595429927
99,542004109.701323,291376080.0090985,250628029.69222456
100,235756289.23635238,260081834.5956023,-24325545.35924992
101,535390873.71941876,291315753.9014571,244075119.8179617
102,243675853.1250273,268001398.48427722,-24325545.35924992
103,796235792.9210072,299616687.1432474,496619105.77775973
104,481016444.11644626,296994101.49525625,184022342.62119
105,383686921.8995017,284796819.9764435,98890101.92305815
106,231238304.14500254,255563849.50425246,-24325545.35924992
107,214238813.57595754,243558588.22971055,-29319774.653753012
108,1063377513.274718,324259962.1141086,739117551.1606095
109,392376801.2694973,274739483.28386134,117637317.98563594
110,235428217.91278282,261738816.50548264,-26310598.592699826
111,236471388.1354583,261835702.8358163,-25364314.700358003
112,408138373.263267,275570960.31491965,132567412.94834733
113,653609001.339655,300337439.01710594,353271562.3225491
114,250474627.73260266,271701635.97972137,-21227008.24711871
115,427660443.1300855,271744291.9891355,155916151.14095002
116,232374816.15504548,259295839.52108967,-26921023.366044194
117,601732490.8696804,287092101.7271375,314640389.1425429
118,234103189.62588564,258428734.98513556,-24325545.35924992
119,543425884.8468574,291092702.13675696,252333182.71010047
120,1040494250.6312716,341256332.0707781,699237918.5604935
121,218429603.9486577,244388242.58203757,-25958638.633379877
122,200481070.61550203,229800845.269255,-29319774.653752983
123,291580504.8528827,286334955.70520663,5245549.147676051
124,1431559750.6217473,375778466.32017165,1055781284.3015757
125,228228527.0133375,255240598.9949417,-27012071.98160422
126,217484893.71596208,241810439.07521197,-24325545.35924989
127,418256216.72634053,279900754.74476296,138355461.98157758
128,234187505.29793298,258513050.6571829,-24325545.35924992
129,292686518.84010816,262317320.49711305,30369198.342995107
130,227980489.4884806,252904612.32371396,-24924122.83523336
131,261019280.95128408,276153250.5383981,-15133969.587114006
132,439290466.7364081,267464446.99897423,171826019.73743388
133,370005825.71793765,277249030.0040156,92756795.71392202
134,373345731.9931697,269845239.3149507,103500492.67821902
135,226524123.23057273,251181194.19258156,-24657070.962008834
136,239635539.25255072,265712174.42964768,-26076635.177096963
137,228632948.78831524,253973933.6161473,-25340984.827832073
138,248669408.4000777,271522177.2261456,-22852768.826067924
139,231459679.93524587,255785225.29449582,-24325545.35924995
140,220423396.7113275,247878089.37233874,-27454692.66101125
141,941634511.1380645,312346445.5767621,629288065.5613024
142,275865960.2747401,279187033.9320291,-3321073.657289028
143,239836762.8087473,264162308.1679972,-24325545.35924992
144,563879097.397785,281665446.1633615,282213651.23442346
145,230012075.31597728,257563259.6119025,-27551184.29592523
146,238623827.31390354,262949372.6731535,-24325545.35924995
147,594983404.7577193,283658949.2405665,311324455.5171528
148,249338938.2528471,273664483.6120971,-24325545.35924998
149,230418849.65280762,254744395.01205754,-24325545.35924992
150,595217819.995122,284314782.574123,310903037.42099893
151,227327108.101773,251652653.4610229,-24325545.35924992
152,237590682.2751992,261916227.6344491,-24325545.35924989
153,233390721.09637955,259875688.12199944,-26484967.025619894
154,238057794.16993913,262383339.52918905,-24325545.35924992
155,1027274036.6121408,309966897.9163252,717307138.6958156
156,228369859.45842656,253792860.58285448,-25423001.124427915
157,246513413.59653533,270838958.9557852,-24325545.35924989
158,203589800.28155637,232909574.93530935,-29319774.653752983
159,240464291.69111434,264789837.0503643,-24325545.35924995
160,604438822.4423835,293870512.36573935,310568310.0766442
161,242327315.16343385,266652860.52268377,-24325545.35924992
162,238021055.7212925,262797413.40135792,-24776357.680065423
163,241658497.2185436,265984042.5777935,-24325545.35924992
164,257859936.41966152,277666504.5067277,-19806568.087066174
165,560742097.6502659,283781165.36440563,276960932.2858603
166,1126028726.452505,331559857.1589802,794468869.293525
167,896118744.831084,305945864.4974346,590172880.3336494
168,233461508.82267168,257787054.18192157,-24325545.35924989
169,339690501.6197222,280157672.7119427,59532828.907779515
170,321799496.8108821,273761264.1892209,48038232.621661186
171,426925126.9461371,276923048.71533924,150002078.23079783
172,420148273.0088178,276907548.47512335,143240724.53369445
173,312169469.91926277,278451919.60127115,33717550.317991614
174,214229135.44748813,241561871.87319213,-27332736.425704002
175,424758760.0321986,283281254.63379765,141477505.39840096
176,230690530.76897335,255016076.12822327,-24325545.35924992
177,225542271.41371995,249867816.7729699,-24325545.35924995
178,607711035.1558155,289564471.5487798,318146563.6070357
179,684336864.9841452,310615915.9999834,373720948.9841618
180,297790329.7047373,283919387.3600332,13870942.344704092
181,344312278.6574369,274574958.10046625,69737320.55697066
182,229811346.20110762,254312270.55680373,-24500924.355696112
183,1569732463.3900042,513951179.0884292,1055781284.301575
184,880204643.1293584,308669097.8868605,571535545.2424979
185,232707451.33735022,257032996.69660014,-24325545.35924992
186,240414700.96873036,264740246.32798028,-24325545.35924992
187,241009044.3074728,265334589.6667227,-24325545.35924992
188,222633425.9383195,251953200.59207255,-29319774.653753042
189,244545823.51374722,268871368.87299716,-24325545.35924995
190,229702807.5267249,254028352.8859748,-24325545.35924989
191,667771089.8752755,300817439.88161063,366953649.99366486
192,380427501.68500996,282758575.0971094,97668926.58790058
193,197201659.53099236,226521434.1847454,-29319774.653753042
194,418804256.9415906,277919060.04485846,140885196.89673215
195,214911345.8842907,242851040.65799358,-27939694.77370289
196,633809213.3088851,294832081.90340567,338977131.40547943
197,247415011.12471485,269892008.1601056,-22476997.035390735
198,670964780.4930489,298394241.45482475,372570539.03822416
199,228124918.0178515,252450463.3771014,-24325545.35924989
200,877053421.8002744,320518403.2463411,556535018.5539333
201,977388938.3985174,321202032.83776104,656186905.5607563
202,223590252.2072833,248403895.46327442,-24813643.25599113
203,445667783.7725662,278155409.6464451,167512374.1261211
204,221959974.34458116,249986691.16034493,-28026716.81576377
205,415150931.72386736,272467232.10663885,142683699.6172285
206,224469710.203748,251869589.88770145,-27399879.683953464
207,794866488.1038365,319935900.45235723,474930587.6514793
208,238235312.02113467,262560857.38038456,-24325545.35924989
209,288550280.0841183,271236623.074556,17313657.009562314
210,407999586.4888362,286056623.3975357,121942963.09130055
211,235241237.14984578,259566782.5090957,-24325545.35924992
212,237301411.7106383,262623853.7028747,-25322441.992236376
213,228564665.7555413,253412592.7629491,-24847927.007407814
214,429285999.59023786,273942013.1243429,155343986.46589494
215,223858488.2644109,250547133.59375966,-26688645.329348743
216,267383208.65359944,277670372.0694559,-10287163.41585648
217,240265107.7598904,265356488.11529428,-25091380.35540387
218,229319993.36748,253663862.169707,-24343868.80222699
219,406964266.7795994,279527403.0391118,127436863.74048764
220,239096265.8332047,263421811.1924546,-24325545.35924992
221,596647910.9876413,291255301.06886625,305392609.9187751
222,236154686.0680296,262312596.38651606,-26157910.318486452
223,500456126.0129173,271511514.00724787,228944612.00566941
224,255099244.87509128,265554163.461953,-10454918.58686173
225,235948603.38813493,260274148.74738485,-24325545.35924992
226,226643260.34881613,250968805.70806605,-24325545.35924992
227,597394163.6016247,292018174.9280026,305375988.67362213
228,228632112.80084693,253942054.15484402,-25309941.35399708
229,233324777.9577018,262060433.1543886,-28735655.196686804
230,253556026.77796775,273148796.9702632,-19592770.192295432
231,330455643.62877953,280384691.359433,50070952.269346535
232,228301742.71870327,252957934.90865248,-24656192.189949214
233,204306655.40435588,233626430.05810893,-29319774.653753042
234,718753907.3126204,286293874.46433765,432460032.84828275
235,522851531.66584414,285738783.6523478,237112748.01349634
236,229501609.7818183,256367856.05121714,-26866246.26939884
237,260246350.58528867,275418762.06113607,-15172411.475847393
238,232767763.12317485,260310115.57853436,-27542352.45535952
239,231489077.72348404,255814623.08273396,-24325545.35924992
240,261832455.93354252,277490671.50641084,-15658215.572868317
241,253863832.6983554,270706992.0766285,-16843159.3782731
242,363036413.76470745,281855727.72514117,81180686.03956628
243,215862903.64133725,242022966.69862878,-26160063.057291538
244,1240110808.3973122,340111287.5436905,899999520.8536217
245,232579768.39856482,256905313.75781474,-24325545.35924992
246,217818978.72647193,245293184.9895678,-27474206.263095856
247,316804657.7441474,279446888.5522187,37357769.191928744
248,239416340.20963854,263741885.56888843,-24325545.35924989
249,251078508.15790397,272015310.06119907,-20936801.9032951
250,236907966.8184553,261233512.17770523,-24325545.35924992
251,310372231.549689,275430543.8587852,34941687.69090378
252,317600615.64142174,275716827.32659894,41883788.31482279
253,228380051.71158564,252705597.0708356,-24325545.35924995
254,658242275.022876,298007712.6032997,360234562.41957635
255,262337884.38830778,258386163.87255517,3951720.5157526135
256,231548440.87976843,256691350.65207407,-25142909.772305638
257,563188287.0425678,286377044.9363404,276811242.10622746
258,354085896.34252965,279613514.6253274,74472381.71720225
259,243781069.27337107,268106614.63262096,-24325545.35924989
260,252214934.49973887,269216439.51746553,-17001505.01772666
261,756408277.9179168,297415170.4522232,458993107.4656936
262,222106189.57460427,248974816.62103933,-26868627.046435058
263,227928921.92317113,254070382.05337596,-26141460.130204827
264,243280143.184559,265832602.04791358,-22552458.863354594
265,224136929.43353826,249460933.93985656,-25324004.5063183
266,268745242.97894317,271730719.0932755,-2985476.1143323183
267,260823425.03289747,274159633.54777116,-13336208.514873683
268,588576852.2777873,290786321.0007866,297790531.2770007
269,230040196.3398453,254365741.69909522,-24325545.35924992
270,394090276.45496404,270006374.00126517,124083902.45369887
271,524508664.1339966,279430245.65271115,245078418.48128545
272,206212644.84910524,235532419.50285825,-29319774.653753012
273,1760740750.1590352,704959465.8574604,1055781284.3015748
274,257266126.48414108,271260115.01686746,-13993988.532726377
275,238154853.49330023,262480398.85255018,-24325545.35924995
276,750923314.9550165,302086695.57677823,448836619.37823826
277,241633901.15025604,265959446.50950593,-24325545.35924989
278,214110241.2480803,243368758.3990159,-29258517.15093559
279,499310567.4640688,287774982.3826127,211535585.08145607
280,576934775.4042156,289812472.2121295,287122303.1920861
281,233276819.5377081,258090784.3444903,-24813964.806782186
282,307050490.5168636,263863599.91998917,43186890.596874416
283,479858134.8295969,279228646.56476563,200629488.26483124
284,239395265.87815493,262781459.7781616,-23386193.900006652
285,424050469.6265558,280335641.7892306,143714827.83732522
286,436456354.88370156,282631494.2789394,153824860.60476214
287,383502992.3938852,267537649.7884235,115965342.60546169
288,224266313.636911,250390634.0245582,-26124320.38764718
289,239339445.6956313,263664991.05488122,-24325545.35924992
290,228109452.91613424,254157742.2203471,-26048289.30421287
291,637320361.0405023,291155761.44287175,346164599.59763056
292,706940274.5786006,292164769.1804688,414775505.39813185
293,710415617.2990141,304184292.26560163,406231325.03341246
294,247128360.38599858,271453905.7452485,-24325545.35924992
295,268343931.44810873,273758618.8123946,-5414687.364285886
296,230196041.43448606,257288015.31261083,-27091973.878124774
297,458325593.0558349,281818406.6453213,176507186.41051358
298,1359435522.9765606,343238570.6762303,1016196952.3003303
299,245549865.7839976,268533634.14365155,-22983768.35965395
300,282295665.02758646,263580735.908768,18714929.118818462
301,261680963.72652727,274291507.03776735,-12610543.311240077
302,239681394.75357494,264006940.11282486,-24325545.35924992
303,232339818.90055138,256940079.21521756,-24600260.31466618
304,249820030.72401625,268750983.1463651,-18930952.422348857
305,239557190.97022948,264547694.44816443,-24990503.477934957
306,895648027.8355682,305713517.7643453,589934510.0712229
307,403172361.0501087,276659860.62123257,126512500.4288761
308,319335951.0146338,277694953.08279735,41640997.931836426
309,732042229.8736442,292983665.08821636,439058564.78542787
310,350882138.8404803,264816593.84346488,86065544.99701545
311,930730197.400403,308897415.83113265,621832781.5692704
312,239345497.93979135,264813870.2003387,-25468372.26054734
313,228050396.48021933,253266732.82485595,-25216336.34463662
314,241964131.4298953,266289676.78914523,-24325545.35924992
315,762171408.0636636,285292980.1970668,476878427.8665968
316,225664534.16024315,251658080.00087836,-25993545.84063521
317,324766301.41285133,269419357.6030379,55346943.80981344
318,226361976.25841317,250687521.61766306,-24325545.35924989
319,627607769.0497663,302445369.15442514,325162399.89534116
320,264465060.77455857,276694754.89518595,-12229694.120627373
321,234770260.30028868,259095805.6595386,-24325545.35924992
322,259403407.23960698,258971053.8227428,432353.4168641865
323,235301859.0981363,259627404.45738626,-24325545.35924995
324,402825301.5131657,273972946.7831498,128852354.73001593
325,224567057.38152507,252554953.13235494,-27987895.750829875
326,236681984.9212649,261007530.2805148,-24325545.35924992
327,238441328.87941805,262783355.42958888,-24342026.55017084
328,240045959.04382968,264371504.4030796,-24325545.35924992
329,609438579.4669745,292521454.3631645,316917125.10381
330,607382816.7029066,301709764.7445068,305673051.95839983
331,241794883.78879073,266120429.14804068,-24325545.35924995
332,562313844.4377606,288006974.8174967,274306869.6202639
333,225078245.11141258,250231741.53930837,-25153496.427895784
334,656172517.9605888,289608608.7384901,366563909.2220987
335,239031006.04884243,263356551.40809232,-24325545.35924989
336,279175198.0601732,280083834.3666747,-908636.3065015078
337,1128617654.2336683,338651571.9396082,789966082.2940601
338,209070420.88158116,237559267.42495358,-28488846.543372422
339,435453415.7338373,285456397.9586951,149997017.7751422
340,227974503.65408194,252639582.92926097,-24665079.27517903
341,256604037.49590507,277754174.52119184,-21150137.025286764
342,228696808.58276618,253022353.9420161,-24325545.35924992
343,239175156.3543613,263500701.71361122,-24325545.35924992
344,268043601.91892248,278100879.4016448,-10057277.482722342
345,261273289.40658167,277617809.2016387,-16344519.795057029
346,245493029.7071523,269818575.06640226,-24325545.35924995
347,230315158.08538222,255070576.91095605,-24755418.82557383
348,236659982.73560998,260985528.09485987,-24325545.35924989
349,829278677.4581695,304841649.7174815,524437027.74068797
350,351918138.7860143,283374595.11960274,68543543.66641158
351,214631455.4489507,242234270.86768383,-27602815.41873312
352,411691995.7649052,283051728.4296806,128640267.33522463
353,272938362.3729912,281769623.14945453,-8831260.77646333
354,525986312.701085,290102159.7329848,235884152.9681002
355,241022543.78130624,265348089.14055616,-24325545.35924992
356,446427027.9842073,278978097.32936287,167448930.6548444
357,222098607.07224938,247016552.4564269,-24917945.384177506
358,435085791.16214114,281168111.8461402,153917679.31600094
359,243403411.08024764,266590752.56168526,-23187341.481437624
360,523724171.15430856,291652135.6538766,232072035.50043195
361,579002996.2337238,288609777.4149655,290393218.81875825
362,243385746.28089926,263476682.06369638,-20090935.782797128
363,340906770.3744666,274034839.54981273,66871930.824653864
364,558504785.4069837,275377478.4989835,283127306.90800023
365,764885401.3395498,302066422.173046,462818979.1665038
366,764909191.2724159,301732459.3955748,463176731.87684107
367,228236084.95175904,253652657.37785944,-25416572.426100403
368,361450146.49611974,269896403.9738814,91553742.52223831
369,870284007.4853024,312086945.9137571,558197061.5715454
370,1498949498.0869775,443168213.7854025,1055781284.301575
371,206058022.25746456,235210966.64999402,-29152944.392529458
372,236593293.2969192,260918838.65616912,-24325545.35924992
373,1034346805.5119247,321703878.7375409,712642926.7743838
374,221008918.34908924,248742020.0900976,-27733101.74100837
375,217686138.11294898,244240086.35828727,-26553948.24533829
376,247422926.74825868,271748472.1075086,-24325545.35924992
377,707001097.4864162,294389132.80911666,412611964.67729956
378,227367916.00220522,253712961.80473378,-26345045.80252856
379,332321866.3555696,276417684.0917234,55904182.26384622
380,313862161.4110017,273515026.35753,40347135.053471684
381,931231292.9089468,307557222.8155078,623674070.0934389
382,287516997.7001265,277509569.14642733,10007428.553699195
383,806363371.4956162,295944189.32859534,510419182.16702086
384,237216652.93245488,261542198.29170483,-24325545.35924995
385,244256876.0428779,267428831.82028586,-23171955.777407944
386,257536806.53385788,276032186.1811773,-18495379.647319436
387,665212373.6041579,295073351.28077674,370139022.3233812
388,535654026.09809613,287444851.0991982,248209174.9988979
389,223096490.90820423,247907268.2794013,-24810777.371197075
390,914804933.7373042,297191165.3784262,617613768.358878
391,279346299.9983638,283141039.39567,-3794739.397306204
392,396530604.62389314,272223455.8773421,124307148.74655104
393,243226906.84917182,267552452.20842174,-24325545.35924992
394,238748733.3135969,263074278.6728468,-24325545.35924989
395,222386936.51716393,249353169.45387363,-26966232.936709702
396,241577897.5018523,265903442.86110222,-24325545.35924992
397,433343221.4638622,279917813.7922221,153425407.6716401
398,229224433.44929984,253549978.80854976,-24325545.35924992
399,647231835.7558883,299124635.1142619,348107200.6416264
400,226090319.50176996,250415864.8610199,-24325545.35924995
401,230339481.2011911,254665026.56044102,-24325545.35924992
402,231745274.52779186,259941016.77072668,-28195742.242934823
403,854768457.6117911,305085800.3234182,549682657.288373
404,208950074.10116202,238269848.754915,-29319774.653752983
405,795641358.9379413,300883141.97812575,494758216.95981556
406,745176335.567107,300660773.21713847,444515562.3499685
407,263598690.07642353,278302453.2028171,-14703763.126393557
408,1252912357.1520236,325078248.45420974,927834108.6978137
409,217529016.7104999,244913426.67351845,-27384409.963018537
410,205743875.63881153,235063650.29256454,-29319774.653753012
411,536388109.20009017,287024230.2223629,249363878.9777273
412,233211409.35878354,257536954.7180335,-24325545.35924995
413,235709497.13040602,260035042.48965594,-24325545.35924992
414,222976366.1813533,249550787.12475213,-26574420.943398833
415,837440473.1538492,298821908.6153259,538618564.5385233
416,589203913.987493,296854644.14869547,292349269.83879757
417,228491380.1973254,254428955.0068527,-25937574.809527278
418,584493307.0923679,292937806.64528835,291555500.44707954
419,365106217.6801834,273036317.27635574,92069900.40382767
420,242487799.00321168,266813344.36246157,-24325545.35924989
421,245767535.0877711,270093080.447021,-24325545.35924992
422,474471009.76513696,283524568.48822284,190946441.27691412
423,426244727.9693209,282694229.7962607,143550498.17306018
424,264055973.82341838,274382081.60922945,-10326107.785811067
425,233306294.2005375,257631839.55978742,-24325545.35924992
426,267541807.7063808,282312966.15300447,-14771158.446623653
427,249335865.93887627,270779806.7574074,-21443940.818531156
428,572563675.755904,284121964.7903099,288441710.96559405
429,474987239.34093285,288261833.96656764,186725405.3743652
430,717550593.1941606,314393448.1031279,403157145.0910327
431,244430916.41574055,268756461.77499044,-24325545.35924989
432,1109472624.7731788,333674418.8513045,775798205.9218743
433,259798285.86582962,273882897.4709832,-14084611.60515359
434,231653343.62718898,256896052.39877793,-25242708.77158895
435,235887243.82520953,260212789.18445948,-24325545.35924995
436,313367571.27024925,282301848.6792758,31065722.590973437
437,247326221.44279936,270824657.9078719,-23498436.465072542
438,223619537.25797853,250322855.26889914,-26703318.010920614
439,232961751.98476088,257287297.34401086,-24325545.35924998
440,233370297.13220072,259530729.20755917,-26160432.07535845
441,237377711.20817447,261703256.56742442,-24325545.35924995
442,414025718.1444243,293992310.3534121,120033407.79101223
443,918475129.4701847,309841948.0746213,608633181.3955634
444,658462231.2510226,297240911.975612,361221319.2754106
445,269779462.62933457,278102408.7538333,-8322946.124498725
446,234243812.67472136,258569358.03397128,-24325545.35924992
447,245548152.27919897,269616158.54741347,-24068006.268214494
448,571667962.4069414,284342726.3724761,287325236.0344653
449,979997895.5533059,319693660.41245216,660304235.1408536
450,666661382.6698987,299841629.2080065,366819753.46189225
451,240304613.0268711,264630158.386121,-24325545.35924992
452,261227391.292838,271810446.1223748,-10583054.829536766
453,238284996.99947834,262610542.3587283,-24325545.35924995
454,227523384.80472857,251848930.1639785,-24325545.35924992
455,297898347.6143434,272247856.915646,25650490.69869739
456,261593179.2171491,275947438.046857,-14354258.82970789
457,756897118.0354898,316784745.696789,440112372.3387008
458,249216871.92995954,273542417.2892095,-24325545.35924995
459,656256769.2651885,298955992.9307042,357300776.3344843
460,1176235551.501497,318802903.8842913,857432647.6172057
461,316090123.8781762,272043421.3550727,44046702.523103535
462,1083266608.3755584,315398594.38576823,767868013.9897902
463,593942635.7589939,292697507.9775136,301245127.78148025
464,239592703.9320019,264001706.01305947,-24409002.08105758
465,259020298.19579315,275135338.24698955,-16115040.051196396
466,241150570.54239282,265476115.90164274,-24325545.35924992
467,244394940.54935992,268720485.90860987,-24325545.35924995
468,238714373.45726424,263039918.81651416,-24325545.35924992
469,493860252.6918107,277340922.57356566,216519330.11824507
470,465611759.5927345,278621601.0773265,186990158.51540804
471,223862671.04771867,248188216.40696862,-24325545.35924995
472,304362153.6338482,275644674.0263851,28717479.60746306
473,222553883.54835656,247140543.78565675,-24586660.237300187
474,245325641.77977946,269651187.1390294,-24325545.35924992
475,249395148.29670173,272604970.5374078,-23209822.240706086
476,266858968.31569934,278893239.98593247,-12034271.67023313
477,688517286.7918313,293659091.4789798,394858195.3128514
478,554670266.822865,285653412.0455588,269016854.7773062
479,240330966.04209864,264656511.40134853,-24325545.35924989
480,240053810.80347,264379356.16271994,-24325545.35924995
481,292920797.9480629,275548297.12452596,17372500.823536932
482,713243171.6889764,295712821.161792,417530350.5271844
483,579066825.6956067,282020686.25292706,297046139.44267964
484,1419765292.5457344,363984008.2441595,1055781284.301575
485,241016783.2965131,265342328.65576303,-24325545.35924992
486,433625831.63419735,277488522.4595029,156137309.17469448
487,1003589315.8896742,308165452.58735335,695423863.3023208
488,254593108.37217513,275077411.7581183,-20484303.385943145
489,237494923.52004552,261820468.87929544,-24325545.35924992
490,217001111.42179295,243967411.17769402,-26966299.75590107
491,629502915.1931581,291939514.68189925,337563400.5112589
492,950999969.5335226,304841528.6450726,646158440.88845
493,263167097.70548484,276259361.56841195,-13092263.862927109
494,251758147.9028775,272818592.9127649,-21060445.009887397
495,390352902.83476853,262843286.79775262,127509616.03701591
496,658209226.7123363,285723367.96740204,372485858.74493426
497,211553797.907067,240873572.56082004,-29319774.653753042
498,390847568.1161454,272896313.2236818,117951254.89246356
499,382032689.4888781,278040252.71276426,103992436.77611381
500,229162489.82960692,253686770.6341492,-24524280.804542273
501,1127273826.1931627,338750701.11981016,788523125.0733526
502,212219674.98696405,241539449.64071706,-29319774.653753012
503,229162999.1606279,255506684.46766236,-26343685.307034463
504,233280441.75441152,258925264.1945721,-25644822.440160573
505,770288304.5315684,302693901.65847534,467594402.87309307
506,238948480.41114464,264015608.52905196,-25067128.117907315
507,515728008.35931027,292755745.83538795,222972262.52392232
508,455893057.3300997,289931317.555516,165961739.7745837
509,794690666.3185982,290575663.72184616,504115002.596752
510,224232461.3651757,253552236.0189287,-29319774.653753012
511,240973799.74993765,264009056.7461101,-23035256.996172458
512,1033548956.3336754,325333874.0887567,708215082.2449187
513,225152221.71131453,251978689.41930574,-26826467.707991213
514,229605693.13574535,257019023.67027855,-27413330.534533203
515,249441611.32931414,272878615.5281063,-23437004.19879213
516,824123204.9951082,300255269.81682473,523867935.1782835
517,265223005.8341692,277877810.9613511,-12654805.127181888
518,392230518.0004734,284619200.47763896,107611317.52283442
519,230673913.6254716,254999458.9847215,-24325545.35924992
520,721935364.7573175,303018018.6779637,418917346.07935387
521,549304261.8188521,295016630.1274029,254287631.69144917
522,218649322.29692876,247969096.95068178,-29319774.653753012
523,1043585032.2726425,318523203.5507961,725061828.7218463
524,1092171991.1340976,347168149.8538899,745003841.2802076
525,239704679.88945717,263520683.29364794,-23816003.40419078
526,262613654.0033609,272543638.14662814,-9929984.143267244
527,634401652.3783511,301242438.336122,333159214.0422291
528,217042931.28676212,246041073.87713918,-28998142.590377063
529,211605358.3642666,240925133.0180196,-29319774.653752983
530,224677588.2382426,249858182.0545998,-25180593.816357195
531,231386706.90858597,257383885.99771821,-25997179.08913225
532,228886786.34028858,253212331.69953847,-24325545.35924989
533,769078528.3460643,302395680.3548129,466682847.9912514
534,423798869.7239554,282330103.1942672,141468766.52968818
535,216002645.81504932,240328191.1742992,-24325545.35924989
536,582897897.9180348,281836999.07584226,301060898.84219253
537,1159240541.7440174,323624917.6182713,835615624.125746
538,736143193.4047751,296747718.31435597,439395475.0904192
539,699535881.3180994,300384691.217213,399151190.1008864
540,530867383.0662575,278762534.3476946,252104848.7185629
541,654881986.125603,297788471.4203842,357093514.70521873
542,233123011.9914925,257448557.35074243,-24325545.35924992
543,458076653.2080867,292364490.98682195,165712162.22126478
544,245288049.35572156,269406431.59802246,-24118382.242300898
545,605134430.3100885,294112479.31390005,311021950.99618846
546,471251012.37907326,279819082.8510958,191431929.52797747
547,221344581.05899492,247816258.27004367,-26471677.211048752
548,248567942.46599522,272893487.82524514,-24325545.35924992
549,654472641.6736934,304150842.6102847,350321799.06340873
550,220106314.37240717,248287609.70778722,-28181295.335380048
551,228855387.18988174,255406127.53819832,-26550740.34831658
552,239109827.17693135,263435372.53618124,-24325545.35924989
553,219064650.97143668,245837999.76561362,-26773348.794176936
554,726313363.4284139,300616392.3078296,425696971.12058425
555,895113391.4134172,319224836.7044985,575888554.7089187
556,635458508.4968717,290772964.2692386,344685544.2276331
557,256093089.9145482,272086822.82423013,-15993732.909681946
558,258790650.36457512,270550168.24004686,-11759517.875471741
559,324415612.01983416,276264358.4118451,48151253.60798907
560,226713785.32895112,251039330.68820107,-24325545.35924995
561,951856233.1152053,301108871.6603798,650747361.4548254
562,752086341.990098,300096815.7018813,451989526.2882167
563,364621701.7305656,287206986.983065,77414714.7475006
564,236744893.60187942,261070438.96112934,-24325545.35924992
565,243349448.1055119,267674993.46476182,-24325545.35924992
566,243672488.3096032,267998033.66885313,-24325545.35924992
567,1051976233.8300453,319466410.89107287,732509822.9389725
568,369911348.26484257,275022333.4239417,94889014.8409009
569,211928899.96742994,240945969.1211027,-29017069.153672755
570,280136695.082887,281211382.5052149,-1074687.4223279357
571,855392334.4641992,325607226.28360635,529785108.18059283
572,258541430.81158468,276924778.0302262,-18383347.21864149
573,527521876.33676004,291227844.5221936,236294031.81456643
574,487781438.5232756,281381400.02676874,206400038.49650687
575,210265062.77032927,239584837.42408228,-29319774.653753012
576,209117877.06760392,236058774.4289435,-26940897.3613396
577,225434085.3035253,249759630.66277522,-24325545.35924992
578,243938269.52893242,268263814.88818234,-24325545.35924992
579,576361015.8294485,284366406.92131233,291994608.9081361
580,469387862.05535215,288161541.64843005,181226320.4069221
581,237194075.39360803,261663929.9892913,-24469854.595683277
582,480304209.78581536,288461906.7229405,191842303.06287485
583,405576411.6290158,268050401.4412481,137526010.1877677
584,240826037.95199066,265151583.31124058,-24325545.35924992
585,754593529.9303421,293185728.3285912,461407801.60175085
586,226161728.65582934,254383990.06320226,-28222261.40737292
587,200611633.8051583,229558700.1378217,-28947066.332663417
588,223621044.4494659,248518405.26878226,-24897360.819316357
589,257600420.9072291,275253702.4449856,-17653281.537756532
590,196483297.81801075,225803072.47176376,-29319774.653753012
591,236387994.57965973,260713539.93890965,-24325545.35924992
592,283648415.8430726,262853837.05819997,20794578.78487262
593,223567691.9635661,249035576.02550054,-25467884.06193444
594,214913348.2108077,242290198.61943895,-27376850.408631235
595,237265192.06182325,262566987.37380588,-25301795.31198263
596,242636600.55551308,266962145.914763,-24325545.35924992
597,710886940.1288188,289661231.6958275,421225708.43299127
598,257435881.27505663,274246129.70324177,-16810248.428185135
599,218378169.2036097,245643996.1925949,-27265826.98898518
600,236279196.11639574,260604741.47564566,-24325545.35924992
601,563734192.931307,289946670.36760825,273787522.5636987
602,1279080473.4999826,324235768.4274361,954844705.0725465
603,403554236.5001285,278090870.07251406,125463366.42761445
604,248295376.00651273,271181121.40136266,-22885745.394849926
605,946715942.0499182,315848960.425771,630866981.6241472
606,240899208.64531073,265224754.00456068,-24325545.35924995
607,249366539.39206055,271408722.60334456,-22042183.21128401
608,215722382.99826887,241423174.75793287,-25700791.759664
609,239641907.02723205,264137441.02479336,-24495533.997561306
610,1449502265.2757664,393720980.97419095,1055781284.3015754
611,216855753.77142945,243418488.29709363,-26562734.52566418
612,611655035.0479643,286011040.2852985,325643994.7626658
613,215463708.74830538,243277684.64096344,-27813975.892658055
614,244816849.75598037,269142395.11523026,-24325545.35924989
615,660819493.131256,297263804.2086234,363555688.9226326
616,277509604.8682322,271885493.33903736,5624111.529194832
617,592650944.370193,291357358.6711945,301293585.6989985
618,565541608.5025444,280843697.047172,284697911.4553724
619,258102727.34682178,276781419.9291415,-18678692.582319736
620,1028033853.9355247,311425758.51408,716608095.4214447
621,435727837.7226211,284756005.2449583,150971832.4776628
622,231730662.8585319,256056208.2177818,-24325545.35924992
623,245083398.8162841,261891852.5529955,-16808453.736711413
624,233047465.29055,257373010.6497999,-24325545.35924992
625,327951379.21785796,280806214.3155502,47145164.90230775
626,244794958.74175388,267853572.27774656,-23058613.535992682
627,1476010237.61797,420228953.3163952,1055781284.3015747
628,1123785550.59545,323105861.5933066,800679689.0021434
629,275599830.18103105,258309652.24742907,17290177.933601975
630,246781296.87688226,271106842.23613214,-24325545.35924989
631,748866506.3332415,318338250.54336184,430528255.7898796
632,212167938.16440517,241158947.06288603,-28991008.898480862
633,236476137.60224026,260801682.9614902,-24325545.35924995
634,905085803.517772,300613168.0648768,604472635.4528952
635,235459670.81238246,259785216.17163238,-24325545.35924992
636,242182332.02165607,266507877.380906,-24325545.35924992
637,372681004.32117945,272826308.89812475,99854695.4230547
638,944468152.5875448,300298919.6264463,644169232.9610984
639,257500947.58226323,276062698.24751794,-18561750.665254712
640,569538197.0217597,291002663.57017595,278535533.4515838
641,708976865.5757339,295129477.5688495,413847388.0068844
642,243786415.15380347,268111960.51305336,-24325545.35924989
643,405213218.7740129,299062786.7986593,106150431.9753536
644,227461910.14418525,253750053.86052123,-26288143.716335982
645,215275559.9704134,242092455.54433033,-26816895.573916942
646,221092215.02623576,248178418.6942221,-27086203.667986333
647,215046216.2355675,244365990.88932052,-29319774.653753012
648,436584272.0270422,269871753.2031965,166712518.82384568
649,554790334.4307873,290986490.5338513,263803843.896936
650,594508213.7377374,284540558.4911378,309967655.2465996
651,237653995.76944786,261979541.12869778,-24325545.35924992
652,226632962.1824906,254652404.08325788,-28019441.900767297
653,234524478.76587734,261382240.4817122,-26857761.715834856
654,236010949.89192498,260536705.81453267,-24525755.92260769
655,239992389.22063783,264317934.57988775,-24325545.35924992
656,221296232.34012142,248903884.55301562,-27607652.2128942
657,238736055.18970564,263061600.54895556,-24325545.35924992
658,993242510.9746327,333039747.98859316,660202762.9860396
659,211311365.19808248,238713064.49049607,-27401699.292413592
660,243957012.93132877,268282558.2905787,-24325545.35924992
661,212796985.57086733,240035250.71657774,-27238265.14571041
662,435738709.4370085,280888127.04701257,154850582.38999593
663,238490179.05211478,262815724.41136467,-24325545.35924989
664,203282859.1094278,231126680.77320918,-27843821.663781375
665,263825309.79549584,276746089.6253632,-12920779.829867333
666,1079044644.9600194,323160446.46445704,755884198.4955623
667,265505994.9589193,278454828.88620406,-12948833.927284777
668,856117465.5182197,299400967.50264794,556716498.0155718
669,247466288.23023188,269559748.2415451,-22093460.0113132
670,211103136.25319022,239416582.8601297,-28313446.606939495
671,756045665.6135163,287799572.78637123,468246092.8271451
672,237331333.54376698,261656878.9030169,-24325545.35924992
673,214257175.31888875,240381472.08580774,-26124296.766918987
674,295845210.2598599,288627828.22846997,7217382.031389952
675,245304696.03678513,267572840.1506126,-22268144.113827467
676,240367077.88575634,264692623.24500623,-24325545.35924989
677,719333783.658911,295996265.6018092,423337518.0571018
678,236362856.8528823,260688402.21213225,-24325545.35924995
679,431887381.7100475,287052969.4029463,144834412.3071012
680,230966845.56056878,255292390.9198187,-24325545.35924992
681,315555158.9374373,275954019.08452827,39601139.85290903
682,219702208.128771,248007585.36608052,-28305377.237309515
683,746364265.2972097,302139550.04168165,444224715.2555281
684,281269557.79079866,282377557.16568124,-1107999.3748825788
685,861281534.2102911,305149685.2107663,556131848.9995248
686,228590288.19363445,252915833.55288437,-24325545.35924992
687,237033974.80675507,261359520.166005,-24325545.35924992
688,546346934.903058,291916706.29140145,254430228.6116566
689,199504218.68620467,228823993.33995768,-29319774.653753012
690,226191207.69279855,255510982.34655154,-29319774.653752983
691,804642701.576382,303476659.8125395,501166041.7638425
692,506928556.57836616,292742985.8750895,214185570.70327663
693,366319102.50817144,290290717.1027267,76028385.40544474
694,260159263.17086935,272000566.748386,-11841303.577516675
695,387031272.63809466,275902827.243686,111128445.39440864
696,230306865.382305,254632410.74155492,-24325545.35924992
697,221940963.36466107,246266508.72391102,-24325545.35924995
698,222467884.88980514,248290788.24021438,-25822903.35040924
699,228563388.92194244,255852539.97620958,-27289151.05426714
700,237966060.02013463,262291605.37938458,-24325545.35924995
701,237835411.80041626,262160957.15966618,-24325545.35924992
702,181535233.45328745,210855008.1070405,-29319774.653753042
703,208640385.4484813,236787927.543068,-28147542.0945867
704,236098001.73340654,260423547.09265646,-24325545.35924992
705,536844738.14560723,285559023.79902416,251285714.34658307
706,239713585.6228,264954872.60965276,-25241286.986852765
707,231806524.10206476,256132069.4613147,-24325545.35924995
708,208953975.781835,237640493.62492368,-28686517.843088686
709,1101667896.9574392,335693869.41738623,765974027.5400529
710,228817755.41981378,253143300.7790637,-24325545.35924992
711,846646677.9409733,322789692.7336404,523856985.2073329
712,1270653443.8891094,325960079.2432182,944693364.6458912
713,341319405.0095329,277881690.77572167,63437714.23381126
714,354417755.50656193,263534991.99112493,90882763.515437
715,321374763.9492587,274814061.21851987,46560702.73073882
716,229776437.17346683,254101982.53271675,-24325545.35924992
717,484906930.1013956,278335759.99165004,206571170.10974556
718,381426471.8793911,274964518.53509104,106461953.34430003
719,266027096.36501575,273311642.77949405,-7284546.414478302
720,659858102.5495511,301815476.2986045,358042626.25094664
721,875733882.340056,314295896.5770162,561437985.7630398
722,360516936.638783,273160346.98233867,87356589.65644431
723,268717928.6925235,281989155.7823765,-13271227.089853048
724,224427065.78434807,251372839.4851885,-26945773.700840443
725,224782718.51210943,249811941.34320998,-25029222.831100553
726,248193607.01223782,266873890.16318837,-18680283.15095055
727,221552962.4136397,248440158.62442276,-26887196.210783064
728,399963206.05307436,287737117.5774563,112226088.47561806
729,791152552.1254,298732449.65656394,492420102.468836
730,879567203.8941286,310149226.8978267,569417976.9963019
731,248392656.39215034,268621879.3418684,-20229222.949718058
732,605153331.4417398,281661315.6153068,323492015.826433
733,322327046.883094,261858216.96196657,60468829.92112744
734,223486186.87957716,251131471.517972,-27645284.638394833
735,417294101.31505346,282935550.28381836,134358551.0312351
736,553559013.337077,286380727.65338445,267178285.68369257
737,230890418.7271783,255215964.08642823,-24325545.35924992
738,272009829.1096668,283722420.3416624,-11712591.231995583
739,222716828.04478034,247042373.40403026,-24325545.35924992
740,240528276.3637887,264853821.7230386,-24325545.35924992
741,232731821.76775825,257330094.8956755,-24598273.12791726
742,235290487.00485107,259701207.69940904,-24410720.694557965
743,220397612.20439348,246905482.38122827,-26507870.176834792
744,563384479.402461,289357769.84949034,274026709.5529707
745,381794428.0817655,279346213.1373864,102448214.94437909
746,914842260.5496299,311133490.61656654,603708769.9330634
747,429415713.4596914,275951095.49805254,153464617.96163887
748,224241663.03234288,250906364.47443855,-26664701.442095667
749,236081623.1693178,260407168.52856773,-24325545.35924992
750,220569633.2252083,246982782.55516452,-26413149.329956204
751,476350008.19823796,288106566.26701,188243441.93122798
752,483009471.0083794,291716495.23153174,191292975.77684766
753,328768947.74664575,272560174.9684702,56208772.77817553
754,239741370.69844186,264066916.05769178,-24325545.35924992
755,440508399.0397536,266816695.29197615,173691703.74777746
756,245981453.8802129,269441075.84577215,-23459621.965559244
757,217009423.80014917,244051937.91752088,-27042514.11737171
758,502153996.0132799,279609638.546774,222544357.4665059
759,245640638.88375312,268971329.7002236,-23330690.816470504
760,241388486.17455718,265714031.5338071,-24325545.35924992
761,280372219.90283155,280896365.2258697,-524145.3230381608
762,249696390.40288737,271261480.69689405,-21565090.294006675
763,238395779.15737045,262721324.51662034,-24325545.35924989
764,233234384.11418456,257559929.47343445,-24325545.35924989
765,534342979.7013681,279578305.6180229,254764674.08334517
766,632968247.8671985,282596356.312149,350371891.5550495
767,1368562019.2623973,323372395.73559594,1045189623.5268013
768,230152964.56058475,254478509.91983467,-24325545.35924992
769,214295543.448334,241969148.62740603,-27673605.179072022
770,436880411.51728606,283679861.28719836,153200550.2300877
771,507966287.0926097,292510628.8813005,215455658.2113092
772,231164053.16093823,256076033.20008573,-24911980.039147496
773,230407326.8310681,254732872.190318,-24325545.35924989
774,363023131.55067635,277715386.5698227,85307744.98085362
775,206852805.51278728,233962021.51614308,-27109216.0033558
776,235005705.76521882,259331251.12446874,-24325545.35924992
777,212296355.2747333,240503230.9923092,-28206875.717575908
778,243207375.6742605,266750428.1917411,-23543052.51748061
779,211114177.33325627,237598415.1574682,-26484237.824211925
780,348610239.0430094,266346228.6761953,82264010.3668141
781,951642760.5362221,309845233.06648946,641797527.4697326
782,243627606.680543,267953152.03979293,-24325545.35924992
783,644940351.2866089,297214680.58975273,347725670.6968562
784,255417714.65383983,263878006.59196824,-8460291.938128412
785,294415383.4745333,267164238.0929867,27251145.381546617
786,229517561.85511047,253843107.2143604,-24325545.35924992
787,1294972370.4934862,325376834.74582535,969595535.7476609
788,248418607.65074617,269012304.1762315,-20593696.525485337
789,969776528.3463862,310337093.9986986,659439434.3476876
790,222618798.51602104,251938573.16977406,-29319774.653753012
791,444758730.74011344,278483717.1024407,166275013.63767272
792,240330077.12262157,264655622.4818715,-24325545.35924992
793,647848692.5751774,292389111.9081622,355459580.66701525
794,600049229.5327663,301813443.8566139,298235785.67615247
795,233955125.94030246,258280671.29955238,-24325545.35924992
796,221118623.79396394,248483427.63510123,-27364803.84113729
797,214697212.25857607,242530681.98338678,-27833469.72481072
798,613496008.316216,299125879.7278143,314370128.5884017
799,408541870.45782286,274483696.3874422,134058174.07038069
800,230396141.21310928,254721686.57235923,-24325545.35924995
801,325169470.47021794,270783406.6172252,54386063.85299271
802,194645381.63098305,223965156.28473607,-29319774.653753012
803,212286324.46358523,239929300.54754412,-27642976.083958894
804,382666923.6791757,287275315.7807146,95391607.8984611
805,366603790.59505653,274803207.36441886,91800583.23063767
806,458907636.34263194,280583713.5418864,178323922.80074555
807,224044534.38802654,249423372.79543397,-25378838.407407433
808,538039404.4369164,288315643.1982032,249723761.23871315
809,960518188.4511907,342407674.3715027,618110514.0796881
810,225878467.7850454,251243437.94935802,-25364970.16431263
811,700093201.567325,278015272.212062,422077929.355263
812,226811068.33932838,254541177.9325845,-27730109.593256116
813,369412289.5914775,281408997.67991334,88003291.91156417
814,242703624.69678205,267029170.05603197,-24325545.35924992
815,269657007.3843879,274788184.68284994,-5131177.298462033
816,223771812.52373278,249770034.08647954,-25998221.562746763
817,251441768.7189942,273144207.6630514,-21702438.944057226
818,240507477.03228974,264833022.39153963,-24325545.35924989
819,243159579.89230525,267485125.25155514,-24325545.35924989
820,235872328.76630986,260197874.12555978,-24325545.35924992
821,438174652.2626609,277151451.62959087,161023200.63307005
822,238405663.17939717,262731208.5386471,-24325545.35924992
823,239686276.90847224,264011822.26772213,-24325545.35924989
824,345641830.64738226,283041259.49130607,62600571.15607619
825,228829895.20504183,253155440.56429175,-24325545.35924992
826,414432017.7398213,277135697.3132121,137296320.42660922
827,455107731.1901636,286789966.6676371,168317764.5225265
828,502040142.0484651,281082033.4130876,220958108.63537747
829,336152690.26725185,266122114.01464543,70030576.25260642
830,323442555.87484896,272419412.46288973,51023143.41195923
831,224069448.16112563,251682662.1576206,-27613213.99649498
832,489577688.78492486,287337267.34029007,202240421.4446348
833,854409934.1253967,305371808.2670001,549038125.8583966
834,298837334.08398086,275881564.64933956,22955769.4346413
835,217548379.00148985,243973194.3508734,-26424815.349383563
836,651147261.2403768,279090146.6298873,372057114.61048955
837,228127268.38601875,252631994.732315,-24504726.34629625
838,236862050.81814048,261187596.17739043,-24325545.35924995
839,510267096.92243886,278379021.6071495,231888075.31528938
840,215574873.5633356,241842407.3198351,-26267533.7564995
841,560863228.3190672,298634766.8263563,262228461.49271095
842,329090813.6708437,269982694.40608716,59108119.26475656
843,640103736.0660231,291702607.98564553,348401128.0803776
844,663632674.3312666,286378346.4302577,377254327.90100896
845,881480387.8365623,312289512.91129506,569190874.9252672
846,426842575.82565624,289420128.2793243,137422447.54633194
847,214468210.80384135,243171768.23929253,-28703557.43545118
848,247282553.46148854,271608098.8207385,-24325545.35924995
849,205125841.09429032,234445615.74804333,-29319774.653753012
850,235336926.78884965,259662472.14809957,-24325545.35924992
851,831944117.5769273,296187204.40179133,535756913.17513597
852,851911511.1104484,300192001.2431432,551719509.8673052
853,422110423.284933,291393363.8873324,130717059.39760059
854,236738085.45322672,261063630.8124766,-24325545.35924989
855,329755083.3308479,265347497.88341492,64407585.447432995
856,250326002.00577503,272942419.3320407,-22616417.326265693
857,625650078.3633995,293012874.94849455,332637203.41490495
858,904979147.8894019,310132561.8284762,594846586.0609257
859,237346741.5568377,261723144.6969503,-24376403.14011258
860,2489522218.420581,408330658.3021433,2081191560.1184375
861,233177637.84359297,258380132.25165245,-25202494.408059478
862,237411974.32090703,261737519.68015695,-24325545.35924992
863,746650525.6122198,295241972.9244371,451408552.6877827
864,402732273.8646141,284767028.71799064,117965245.14662349
865,458054079.4871047,284659436.2493715,173394643.2377332
866,226549919.30376697,251727576.80576253,-25177657.501995564
867,548348020.1305578,303989351.224394,244358668.90616375
868,674245939.3114128,283215301.30459803,391030638.0068148
869,987064504.5297859,311069873.74176645,675994630.7880194
870,476107073.77521014,292760630.5552964,183346443.21991372
871,226299601.5905223,253382462.24922714,-27082860.658704847
872,225609270.0996219,250589294.38084397,-24980024.281222075
873,230779932.56573784,256622733.43312353,-25842800.867385685
874,587732262.4465996,285464609.35403556,302267653.09256405
875,300338211.852571,272207595.4571303,28130616.395440698
876,542436851.16667,277035656.95271754,265401194.21395242
877,228643511.51790765,253170961.33592328,-24527449.818015635
878,421871430.9109158,273540708.9265434,148330721.98437238
879,879357609.970597,310567476.0382565,568790133.9323405
880,224289271.52334547,251504622.3851784,-27215350.861832917
881,240030966.54260018,264356511.90185013,-24325545.35924995
882,541013679.0701772,278242869.37935454,262770809.69082266
883,248240297.75779366,272565843.1170437,-24325545.35925001
884,245796167.93085325,269152458.18076706,-23356290.24991381
885,1150040119.0048013,335954248.7683026,814085870.2364986
886,944044706.3697982,309813374.8516389,634231331.5181593
887,582349102.3480694,285286805.7958299,297062296.55223954
888,236240560.72073874,260354100.16500464,-24113539.444265902
889,1442628005.8308868,386846721.5293113,1055781284.3015755
890,247585343.43073338,271910888.7899833,-24325545.35924989
891,453806134.4583808,268067953.620077,185738180.8383038
892,227919724.53198925,252287158.61645582,-24367434.084466577
893,253698270.25347167,269507987.4664087,-15809717.212937057
894,983399548.4765162,338831480.46747875,644568068.0090375
895,437703669.65333486,276811236.69414735,160892432.9591875
896,243280606.4303271,266038862.16777125,-22758255.737444162
897,212683748.7489832,242003523.4027362,-29319774.653752983
898,463627775.448966,285652465.6219042,177975309.82706183
899,229444561.0555207,254915635.15576935,-25471074.100248635
900,222292619.03947985,248782015.3317389,-26489396.292259037
901,862803303.2040405,300192026.62574255,562611276.578298
902,229485338.3212773,255281915.7335983,-25796577.412321
903,405052474.8443371,283044795.9893859,122007678.8549512
904,546461402.6042145,301027324.20583034,245434078.3983842
905,213765474.1442404,241415316.09609944,-27649841.951859027
906,244222025.43333584,268547570.7925858,-24325545.35924995
907,211832092.87813187,240058773.46279767,-28226680.584665805
908,407336068.4403166,273664220.94353426,133671847.49678236
909,845702208.1734354,297788521.8879804,547913686.285455
910,222163030.7663953,251482805.4201483,-29319774.653753012
911,852036852.8942953,307627453.8867722,544409399.0075231
912,250627826.9197386,271056450.1210653,-20428623.201326728
913,223488868.64381355,248841644.93343732,-25352776.289623767
914,340726256.9344185,264113887.75104746,76612369.18337104
915,407797907.86066204,284082862.3794801,123715045.48118192
916,224627319.1219633,251248635.98448002,-26621316.86251673
917,272514961.39098793,273138593.5535132,-623632.1625252962
918,220908036.81155145,247661414.19803575,-26753377.386484295
919,1063083153.8294396,315172432.80711097,747910721.0223286
920,247010314.59077853,269624307.933041,-22613993.342262447
921,241401159.44807464,263261864.233347,-21860704.78527236
922,513308046.69335794,286311573.208759,226996473.48459893
923,227016478.9490462,252838057.8507752,-25821578.901729017
924,263489049.75898808,268568507.3289091,-5079457.569921017
925,973301995.2634542,327332776.1933688,645969219.0700854
926,239402618.3621201,263728163.72137,-24325545.35924992
927,614498896.7880032,295184632.33691186,319314264.45109135
928,259952843.3588726,273925768.2346647,-13972924.875792086
929,222635409.66616666,246960955.02541658,-24325545.35924992
930,334551762.9539589,270574072.6283358,63977690.325623155
931,252273862.9686696,268588183.5223767,-16314320.553707123
932,229112331.17671457,253437876.53596452,-24325545.35924995
933,227213588.29046798,255354547.93592066,-28140959.64545268
934,231573925.6433021,256475372.33370632,-24901446.690404207
935,227257077.24017578,251582622.59942573,-24325545.35924995
936,242464689.5459063,266528423.44322577,-24063733.897319466
937,367918501.9867113,279523822.1868738,88394679.79983753
938,544789903.119047,288567604.48277,256222298.63627702
939,215427412.38658834,244747187.04034135,-29319774.653753012
940,530611734.96604764,277073129.9437917,253538605.02225596
941,511159052.44806206,275016137.5242015,236142914.92386055
942,227980512.1946773,253595684.02981323,-25615171.835135937
943,250349675.21508205,274675220.57433194,-24325545.35924989
944,507506198.1342213,300354882.721347,207151315.41287434
945,634768274.7287439,294241850.43331754,340526424.29542637
946,637324702.2452295,296920935.35911345,340403766.886116
947,774967327.379272,304292440.681269,470674886.698003
948,477299590.66977894,291312167.5477256,185987423.12205333
949,258302525.5082372,274126977.32012105,-15824451.811883837
950,209845531.62075752,238834252.95368978,-28988721.332932264
951,226711414.5877216,251943170.56393483,-25231755.976213247
952,247858630.2207645,272184175.5800144,-24325545.35924992
953,230044592.0667799,254811583.63925567,-24766991.57247576
954,360779983.0518685,285778888.6576795,75001094.394189
955,551247596.5906873,288293035.8662125,262954560.7244748
956,237984708.53156573,262310253.89081565,-24325545.35924992
957,1018064677.9417095,315224217.8019179,702840460.1397916
958,240345356.16927117,264670901.5285211,-24325545.35924992
959,922238245.069866,299446443.4767982,622791801.5930678
960,244205813.51391175,264002994.91391444,-19797181.40000269
961,234334745.72439516,259216898.86342406,-24882153.139028907
962,627617399.3012693,291838606.7779983,335778792.52327096
963,245616914.54170477,267437155.06010997,-21820240.5184052
964,253590239.04312247,275214832.73021847,-21624593.687096
965,228921648.2597709,253247193.61902085,-24325545.35924995
966,299804798.5590542,279251890.1089804,20552908.45007378
967,228791894.91863132,255741444.80745763,-26949549.88882631
968,349628570.133312,272273799.05032104,77354771.08299094
969,241260535.74930122,265586081.10855114,-24325545.35924992
970,227011750.37356243,251347316.5646237,-24335566.191061288
971,670337588.4501948,286047041.7012925,384290546.7489023
972,219592265.95029068,248261065.9094443,-28668799.959153622
973,233311709.1008932,258230910.14868733,-24919201.047794133
974,607252749.1114962,291369564.96650726,315883184.14498895
975,680364313.1779517,286407764.3738714,393956548.8040803
976,674218134.9196912,293409585.18039143,380808549.7392998
977,234493540.92536607,259174694.4434321,-24681153.51806602
978,1418173065.9576817,362391781.65610605,1055781284.3015757
979,234654508.2414955,258980053.6007454,-24325545.35924992
980,228045992.7868273,253860616.9092178,-25814624.12239051
981,225234667.43834588,250839097.2831014,-25604429.84475553
982,360413325.1529254,284453165.9817718,75960159.17115355
983,247789862.60633424,271246478.735561,-23456616.129226774
984,887924997.7498239,303166621.0727455,584758376.6770785
985,805369506.633286,299588148.0737232,505781358.5595628
986,243221654.89901987,267547200.2582698,-24325545.35924992
987,233504106.83173394,257829652.19098383,-24325545.35924989
988,235692536.82815045,260071591.2008945,-24379054.372744054
989,1160592748.0298355,328418790.9155651,832173957.1142704
990,252591188.37068683,271487459.36867577,-18896270.99798894
991,249623798.12416995,273949343.4834199,-24325545.35924995
992,240732612.36936682,265058157.7286167,-24325545.35924989
993,249748847.55330697,272917008.50384355,-23168160.95053658
994,337104145.3531373,262295138.91962588,74809006.43351144
995,255785138.93943572,272063369.372342,-16278230.43290627
996,204371874.6183081,231565034.81529096,-27193160.19698286
997,318604174.89342093,280074835.9805678,38529338.91285312
998,231948577.51731485,256274122.87656477,-24325545.35924992
999,246801679.04781783,271127224.4070677,-24325545.35924989
