week,C1,C2,C3,C4,C5,C6,C7,C8
1,35.3,36.5,39.3,28.3,41.0,39.0,33.9,38.7
2,20.8,45.5,36.6,19.1,29.1,25.6,22.3,37.3
3,43.5,44.6,23.7,41.4,42.4,31.7,35.6,54.4
4,30.6,33.5,34.1,28.2,42.0,29.7,22.6,37.8
5,32.7,43.8,33.2,38.8,36.6,23.4,28.3,38.3
6,22.7,60.6,47.1,26.0,46.5,45.5,40.7,45.8
7,60.1,44.8,22.7,41.1,58.9,44.1,37.9,49.5
8,29.8,62.0,46.0,53.6,39.6,43.9,38.7,31.2
9,46.6,41.2,24.0,30.4,54.3,34.6,20.8,36.3
10,37.7,56.3,27.4,47.7,55.1,45.7,32.2,51.5
11,39.8,33.9,25.4,34.7,46.6,40.1,26.8,40.0
12,34.8,28.1,29.7,25.3,32.5,26.3,26.7,22.9
13,28.6,58.7,41.4,31.9,46.0,27.4,24.2,41.9
14,24.5,33.3,37.6,27.5,40.4,43.7,29.6,36.2
15,49.0,38.1,64.2,57.6,39.0,32.1,35.0,52.0
16,31.0,47.0,35.7,40.4,40.5,31.4,25.9,26.2
17,49.5,38.4,35.1,43.3,38.6,25.8,29.9,37.5
18,39.0,32.7,27.6,53.3,34.3,28.7,27.3,30.2
19,50.2,32.6,23.8,32.9,47.9,28.5,34.9,42.1
20,50.3,30.6,29.1,40.9,41.9,22.4,23.0,46.3
21,35.1,45.7,33.7,48.8,39.6,41.8,43.9,39.1
22,34.4,47.4,24.3,27.1,38.9,21.5,30.1,35.4
23,33.2,44.8,36.8,47.3,35.1,47.2,28.0,32.1
24,37.0,45.2,32.6,58.1,45.2,36.5,48.4,56.1
25,55.0,53.9,46.8,54.4,73.5,50.9,31.8,41.4
26,37.0,45.3,36.5,37.4,40.4,37.3,30.8,59.3
27,38.6,61.5,64.9,57.2,62.3,34.4,35.8,40.8
28,21.3,44.2,36.0,52.5,30.6,30.8,40.4,49.1
29,37.9,32.1,23.6,32.1,45.4,39.7,32.4,45.9
30,51.2,66.9,59.1,41.3,44.1,52.0,60.4,58.0
31,64.7,64.1,53.8,36.9,53.6,35.2,44.6,44.9
32,35.2,37.0,37.1,27.3,48.1,25.4,22.4,31.1
33,39.0,68.6,44.5,45.3,35.5,48.1,35.4,44.5
34,43.6,44.0,41.3,64.2,37.0,31.3,21.3,57.0
35,26.8,39.3,31.0,30.6,39.8,31.9,25.4,29.7
36,50.3,44.4,26.3,34.1,47.9,38.4,40.3,55.4
37,53.0,43.7,40.3,47.2,41.6,54.4,43.2,55.9
38,28.2,35.2,45.7,38.7,53.0,25.6,30.8,72.6
39,39.6,39.9,25.7,59.9,39.6,38.3,48.9,46.4
40,37.5,29.1,28.2,26.1,16.0,31.7,19.1,26.2
41,47.6,57.9,36.7,43.4,46.7,37.4,29.9,30.0
42,25.5,30.4,20.5,43.9,19.7,47.1,19.4,30.4
43,31.5,29.8,39.8,41.8,40.3,40.4,27.5,48.2
44,35.7,45.3,35.2,50.6,47.7,26.4,59.8,44.5
45,19.8,33.6,21.4,18.3,20.0,23.3,30.2,24.6
46,26.5,34.0,25.8,32.0,33.5,35.8,20.2,25.8
47,54.4,53.0,41.3,59.1,54.5,35.2,37.1,43.3
48,28.5,43.7,49.3,22.4,58.8,41.9,35.2,43.7
49,27.1,35.6,24.6,39.4,28.2,32.5,27.2,31.2
50,29.4,49.4,24.8,24.8,30.5,36.0,34.0,28.0
51,49.3,49.9,44.9,44.5,48.1,40.9,28.2,39.7
52,31.2,36.1,23.5,28.1,31.0,42.4,24.6,30.4
53,25.2,27.5,20.9,14.9,45.3,26.7,28.2,30.5
54,38.7,45.3,42.1,52.6,43.4,37.7,32.4,39.4
55,43.2,28.1,32.8,56.8,49.2,27.7,29.6,38.3
56,24.6,26.0,22.9,25.6,33.2,32.7,22.6,32.5
57,22.9,45.5,25.8,39.8,37.8,35.6,37.9,36.7
58,38.8,56.6,30.9,30.2,43.8,30.1,35.3,36.5
59,50.3,56.5,36.6,61.7,73.6,46.5,22.9,38.1
60,49.5,40.7,29.8,44.4,43.9,46.0,38.7,58.0
61,25.8,31.7,23.0,21.8,36.0,27.9,27.6,29.7
62,34.9,32.7,32.4,33.0,36.3,16.0,21.6,22.4
63,36.8,46.6,32.0,42.8,35.0,59.7,36.2,60.7
64,45.8,29.0,26.3,34.4,50.9,27.3,50.7,42.5
65,35.3,45.4,49.6,46.7,45.9,28.7,44.0,36.0
66,41.2,27.9,28.9,31.3,42.9,37.4,46.9,53.7
67,44.5,23.8,42.3,40.1,49.0,50.8,42.8,34.2
68,54.1,22.5,29.1,28.5,42.7,42.5,26.8,44.2
69,35.3,26.3,31.4,39.7,60.9,29.7,25.8,35.0
70,52.0,43.3,49.8,54.4,40.3,49.7,33.6,54.5
71,33.9,50.8,42.6,30.7,35.4,37.7,36.6,41.9
72,41.0,55.8,52.7,86.6,62.7,33.7,32.3,40.5
73,44.0,33.2,41.5,32.1,53.3,31.2,29.1,37.8
74,63.1,38.9,35.6,34.3,58.8,29.5,33.9,31.6
75,37.5,56.1,65.3,37.2,60.7,41.9,40.8,84.7
76,58.3,41.8,25.8,47.2,49.2,63.3,40.3,41.3
77,28.4,22.7,44.3,39.4,40.6,41.9,26.8,23.5
78,49.5,47.3,43.1,40.0,60.1,48.0,35.9,35.1
79,60.1,33.7,42.5,51.7,35.9,30.7,22.4,44.2
80,21.6,22.5,27.5,17.5,30.7,19.8,20.9,25.9
81,26.5,30.0,16.4,24.3,27.0,27.0,18.8,17.6
82,37.2,43.5,24.9,35.7,48.9,30.8,24.1,35.6
83,34.9,32.1,38.9,47.0,31.8,37.2,25.0,25.4
84,23.1,23.3,26.7,27.4,27.4,26.6,25.1,52.6
85,44.9,43.9,39.9,43.1,48.9,43.7,33.6,49.1
86,30.5,44.1,38.1,23.2,47.0,36.3,47.8,42.7
87,35.6,38.8,38.3,58.8,45.5,55.8,29.0,25.2
88,35.9,33.1,28.1,24.9,35.7,22.8,24.9,24.5
89,37.9,54.1,17.1,25.8,50.3,24.2,16.9,48.1
90,35.3,34.8,34.2,36.5,29.8,24.5,28.9,42.0
91,29.3,26.6,22.3,40.7,32.3,30.2,24.1,30.0
92,34.9,36.0,23.1,24.8,58.5,35.4,27.3,30.6
93,31.3,26.5,19.5,44.8,27.0,30.8,20.5,24.3
94,32.6,76.7,30.0,35.0,42.6,52.5,38.0,35.4
95,58.3,41.9,41.1,55.2,60.8,38.3,29.0,37.5
96,35.2,44.9,28.0,50.6,34.4,48.9,26.9,59.6
97,33.3,50.1,37.2,47.8,26.6,52.3,48.3,38.9
98,25.2,32.0,24.8,38.6,36.4,58.9,28.8,33.9
99,19.9,31.1,19.2,25.1,29.1,26.1,36.4,25.6
100,39.0,45.0,33.0,43.1,46.3,36.7,35.5,47.6
101,44.6,41.7,33.9,53.3,48.9,40.8,48.1,51.6
102,47.5,48.0,40.0,25.4,38.1,37.3,47.8,44.2
103,41.3,55.2,60.5,95.5,61.6,84.0,36.0,73.1
104,45.6,46.2,49.1,77.0,47.9,61.4,41.4,44.1
105,57.7,54.0,32.1,40.6,67.5,31.6,33.9,40.4
106,38.8,52.4,28.4,42.6,38.3,22.8,42.5,28.6
107,25.1,38.4,36.4,32.2,37.9,24.2,38.2,31.8
108,41.5,22.2,25.4,31.6,42.1,16.5,17.0,32.7
109,44.7,39.5,54.1,36.5,33.1,32.6,32.9,41.6
110,26.3,38.7,27.5,42.4,42.3,31.7,27.0,31.2
111,47.4,44.1,42.8,48.9,44.6,33.2,23.6,32.3
112,36.8,51.4,42.0,47.2,53.6,49.0,55.9,49.4
113,40.7,31.2,45.0,46.0,56.3,32.1,32.9,53.8
114,48.0,31.7,30.5,31.1,32.9,26.9,28.2,26.0
115,39.4,45.7,59.2,66.4,30.1,33.8,52.0,61.3
116,39.2,54.9,41.8,35.3,59.3,27.6,50.6,51.7
117,32.3,69.4,38.7,35.9,42.9,31.3,44.8,39.7
118,51.5,47.0,30.9,47.1,34.9,39.0,23.6,31.1
119,28.5,37.6,30.2,34.0,38.9,35.2,25.5,39.5
120,43.6,36.7,35.1,43.3,62.1,32.4,47.1,48.7
121,49.0,56.3,47.2,53.5,35.5,62.8,40.8,37.8
122,47.6,42.7,34.8,49.6,56.2,30.4,52.3,45.1
123,45.9,39.0,36.1,31.8,42.6,28.9,29.4,39.5
124,39.6,37.8,29.6,40.8,36.8,48.4,32.1,40.1
125,49.1,59.7,63.5,65.1,46.9,48.7,31.6,61.5
126,33.1,55.8,32.6,44.9,39.8,41.5,29.5,41.7
127,46.8,54.0,42.1,59.0,62.3,50.2,35.2,36.2
128,48.9,49.2,31.2,43.0,20.6,30.6,20.9,42.4
129,43.4,44.0,42.2,36.7,29.7,37.6,34.3,41.3
130,28.2,40.0,34.2,35.0,34.8,40.4,29.6,39.6
131,26.8,32.8,16.9,29.2,31.9,25.9,32.1,29.4
132,36.9,76.2,28.1,56.6,59.1,41.9,37.0,43.1
133,56.8,61.2,44.0,54.9,52.4,30.4,59.3,58.6
134,36.4,32.7,33.3,36.5,46.6,26.1,24.6,31.3
135,35.7,23.6,40.0,38.4,35.6,44.6,30.5,41.6
136,46.3,51.4,35.8,36.9,50.3,63.7,37.8,49.9
137,41.6,41.9,54.0,34.4,30.5,36.3,29.6,30.0
138,64.1,53.2,24.6,42.7,49.0,25.4,40.2,55.1
139,47.8,32.7,39.2,29.2,28.2,32.8,29.4,41.3
140,43.5,46.4,38.2,61.6,74.6,41.0,34.0,56.7
141,25.9,28.0,32.9,29.0,35.5,37.0,30.8,51.3
142,31.9,52.4,43.0,31.4,48.2,28.7,30.8,32.4
143,42.7,61.0,32.6,47.4,38.6,32.6,32.5,27.1
144,30.3,25.0,19.7,24.1,43.4,22.2,21.9,26.1
145,50.4,35.8,41.9,54.1,56.2,37.6,32.6,35.6
146,28.9,32.4,32.2,40.3,34.4,20.4,29.0,42.2
147,36.0,53.4,19.7,22.1,46.7,20.3,21.8,29.0
148,30.9,39.9,23.6,24.0,33.8,21.2,31.3,26.3
149,28.1,26.0,32.6,24.6,26.4,48.7,28.2,54.4
150,33.4,55.5,39.4,31.3,35.3,28.2,20.6,42.0
151,22.6,50.2,27.6,26.8,27.4,27.0,39.5,28.9
152,40.5,51.1,29.5,49.6,53.8,35.9,22.8,35.7
153,47.8,48.0,38.9,60.7,42.9,37.0,30.5,47.3
154,24.8,39.1,53.8,33.6,24.7,32.9,24.5,36.8
155,44.1,32.1,39.2,74.4,42.8,39.2,40.4,40.2
156,36.8,25.7,24.8,34.4,37.9,27.2,45.9,41.2
157,34.9,21.2,55.8,69.1,39.8,48.9,51.8,40.8
158,33.2,47.7,49.2,26.6,62.2,34.2,46.7,46.5
159,27.1,64.4,23.8,50.5,38.6,49.5,16.6,38.4
160,25.3,24.9,32.4,25.4,35.8,27.1,38.0,28.6
161,42.7,37.0,41.7,53.0,95.9,76.1,45.4,30.0
162,41.5,53.1,47.4,49.7,35.0,44.1,37.9,53.0
163,47.4,60.4,26.7,38.7,52.5,44.3,62.4,74.0
164,29.0,50.2,49.3,34.2,46.5,30.7,32.9,57.2
165,28.2,20.8,21.3,24.4,36.6,26.8,27.0,35.8
166,30.2,47.2,27.5,41.3,40.0,24.1,33.3,37.6
167,26.9,33.7,36.0,36.1,41.1,21.8,28.0,52.9
168,44.3,36.3,27.8,32.4,40.8,31.8,40.7,56.2
169,33.9,58.3,42.0,43.8,60.2,37.7,24.4,35.0
170,47.1,34.2,36.5,38.2,39.5,47.6,38.1,38.1
171,34.1,55.7,37.7,31.4,59.3,40.2,25.0,35.7
172,59.7,51.3,25.0,38.9,36.6,29.8,26.8,25.1
173,35.2,40.1,33.5,51.6,23.0,44.6,24.8,35.4
174,33.8,29.7,23.4,36.1,52.9,28.7,27.6,29.0
175,33.6,58.0,34.3,39.4,52.7,28.8,30.1,70.3
176,30.7,40.4,35.9,38.4,43.1,39.6,43.8,28.4
177,27.2,43.5,43.0,51.4,37.4,34.6,25.2,30.1
178,34.5,34.7,26.7,30.2,39.6,52.7,34.4,44.0
179,52.7,30.2,41.8,41.9,48.5,48.5,29.9,77.1
180,28.4,31.1,17.8,31.3,32.3,23.9,24.5,30.1
181,36.8,33.2,35.7,39.7,42.4,35.7,29.2,27.2
182,36.1,45.0,34.9,30.6,50.7,49.4,28.9,42.1
183,24.2,17.5,20.3,40.9,27.1,17.2,17.8,27.4
184,35.3,23.9,28.5,45.5,39.2,30.8,28.4,39.2
185,35.2,45.2,34.9,40.7,38.8,38.5,44.0,54.4
186,44.7,43.9,20.6,31.8,44.0,29.4,34.9,36.6
187,30.8,36.4,30.6,65.0,55.5,44.8,29.3,52.2
188,28.7,32.1,28.2,38.9,28.5,19.6,35.0,34.2
189,32.1,45.9,23.7,40.8,39.7,32.0,40.6,38.6
190,51.9,38.8,33.1,62.6,43.5,51.5,24.1,36.1
191,37.2,36.8,27.5,22.6,43.2,34.9,26.6,27.1
192,33.8,34.7,29.3,42.7,18.6,19.8,25.4,35.1
193,34.5,42.9,35.7,54.9,67.5,32.5,52.8,29.3
194,31.7,21.8,40.2,44.4,37.7,27.4,30.2,29.1
195,20.8,37.4,27.5,41.4,36.3,38.7,19.9,18.8
196,24.3,25.8,21.7,45.2,22.9,28.1,22.2,34.4
197,31.6,41.8,40.6,46.7,41.6,28.8,27.7,32.4
198,30.6,24.7,16.2,46.4,52.1,39.3,38.1,51.4
199,36.3,38.1,21.5,43.4,37.2,25.0,28.9,22.3
200,44.2,44.7,24.7,43.4,29.8,33.6,35.6,72.1
201,40.4,53.6,19.1,59.9,32.8,45.2,37.0,42.0
202,30.8,35.0,27.3,38.1,35.2,48.7,22.7,47.9
203,46.0,52.4,36.1,37.9,58.1,46.9,23.9,46.5
204,36.5,57.4,55.1,37.5,66.8,64.4,31.9,41.7
205,36.2,40.8,42.9,36.4,45.5,41.7,22.3,54.9
206,51.4,47.0,25.1,41.3,27.7,21.2,22.2,29.0
207,37.6,57.6,46.1,45.9,44.4,37.9,30.2,41.8
208,44.5,33.6,23.9,28.0,37.6,38.0,21.3,43.2
209,26.5,31.3,37.2,62.5,29.0,23.8,26.6,43.4
210,42.2,47.2,33.3,30.8,34.2,39.2,26.4,29.0
211,37.7,47.2,39.5,63.0,42.8,35.0,38.3,36.0
212,28.5,41.1,27.1,50.3,52.2,47.0,41.9,60.8
213,32.4,41.6,34.3,42.1,47.2,49.0,26.4,31.1
214,35.4,43.2,42.1,33.6,43.2,57.9,33.2,23.8
215,43.0,64.6,42.0,54.8,59.7,33.7,36.2,57.9
216,37.9,36.6,38.5,40.3,63.7,41.2,37.3,52.3
217,34.8,34.5,34.8,46.7,43.7,25.1,27.5,28.1
218,30.3,39.0,35.2,26.3,28.5,23.7,23.3,28.7
219,43.2,47.3,57.7,52.0,34.3,48.7,24.9,34.4
220,39.7,53.9,31.9,58.7,38.4,36.7,34.6,54.6
221,21.2,47.0,46.0,25.9,40.5,35.0,32.8,28.2
222,28.0,39.6,27.2,31.5,45.1,23.9,22.8,29.5
223,71.1,35.5,33.6,46.7,64.4,32.5,27.9,42.4
224,51.3,36.8,27.8,34.8,44.4,34.5,34.9,45.1
225,34.7,41.2,41.9,47.9,33.9,38.5,41.4,39.9
226,39.8,43.9,39.2,36.6,49.3,41.2,26.6,32.4
227,38.4,35.7,36.5,31.6,36.4,34.7,27.2,36.1
228,36.9,42.0,24.3,40.2,36.5,34.8,41.8,39.5
229,31.0,27.6,34.4,26.6,32.8,27.3,25.1,36.3
230,37.5,31.7,31.9,47.5,54.9,33.6,18.3,33.7
231,41.2,30.0,36.1,25.9,34.0,24.9,27.8,38.1
232,22.9,33.5,36.9,25.5,26.7,29.6,35.5,35.0
233,31.7,30.7,46.1,36.4,60.7,39.1,35.0,24.1
234,42.0,51.4,25.8,44.2,35.9,30.5,27.7,59.0
235,36.9,33.1,25.0,28.1,30.2,38.7,24.3,36.8
236,33.1,34.7,23.9,19.7,30.0,23.9,19.4,29.6
237,37.3,32.5,31.0,44.0,50.5,36.5,35.2,48.3
238,25.8,25.6,18.1,29.4,33.2,32.1,20.3,23.4
239,26.0,42.7,27.7,27.4,35.2,29.3,33.0,28.3
240,35.3,44.4,37.5,38.0,73.2,44.1,36.6,37.2
241,36.7,60.5,27.1,39.3,44.7,36.6,35.4,46.3
242,44.9,37.3,39.3,35.0,36.9,44.5,31.5,46.6
243,48.8,49.4,32.8,43.2,49.7,39.4,26.7,37.9
244,45.2,42.9,32.5,57.5,48.3,35.2,33.3,39.5
245,42.4,48.0,39.3,53.7,56.9,36.1,24.7,42.4
246,32.8,26.2,26.4,28.3,26.7,31.6,26.0,32.5
247,43.8,58.3,32.5,31.7,52.1,32.3,21.1,37.6
248,45.9,47.2,45.8,34.1,38.7,36.6,26.4,45.3
249,30.8,42.8,25.4,38.9,51.8,30.3,34.6,32.3
250,39.2,42.5,29.8,48.7,48.0,30.3,29.6,36.3
251,42.4,49.2,44.6,41.8,36.9,34.8,31.1,33.1
252,33.9,37.6,32.7,48.1,26.6,25.3,38.1,29.3
253,47.3,65.1,42.8,43.3,49.7,40.6,36.2,39.0
254,31.0,27.0,23.7,39.8,33.3,29.4,29.7,34.2
255,61.3,53.9,35.7,42.3,67.3,52.6,36.6,48.2
256,38.4,25.1,24.1,32.1,33.0,24.4,26.0,30.2
257,50.0,68.4,34.8,36.1,49.8,34.0,56.1,72.5
258,44.5,46.1,43.0,27.7,42.1,25.6,28.2,38.5
259,43.4,48.0,47.6,32.0,52.8,36.6,41.2,40.2
260,36.9,55.2,48.6,38.6,49.9,49.2,34.2,39.0
